Timestamp,Load_Percent,Temperature_C,Season,Day_Type
2024-01-01 00:00:00,41.789665519828496,-5.124785922217177,Winter,Weekday
2024-01-01 01:00:00,35.49688985753099,-0.21732944699106782,Winter,Weekday
2024-01-01 02:00:00,33.55213147175993,0.3602758224393756,Winter,Weekday
2024-01-01 03:00:00,39.64084637463871,2.960098272296224,Winter,Weekday
2024-01-01 04:00:00,41.28997850715988,-3.3857806730950886,Winter,Weekday
2024-01-01 05:00:00,26.082949102610677,8.39905624145819,Winter,Weekday
2024-01-01 06:00:00,40.42768966305605,3.89227094292524,Winter,Weekday
2024-01-01 07:00:00,57.46413107777677,-2.6927097372000746,Winter,Weekday
2024-01-01 08:00:00,47.40186591894235,1.3139592889820628,Winter,Weekday
2024-01-01 09:00:00,68.42631299579398,0.5696443295389799,Winter,Weekday
2024-01-01 10:00:00,64.09317483502757,6.720993143687858,Winter,Weekday
2024-01-01 11:00:00,58.89902585200077,3.7173657178301047,Winter,Weekday
2024-01-01 12:00:00,47.5912440529302,11.390751269293977,Winter,Weekday
2024-01-01 13:00:00,61.41536113680521,-3.5010399077855925,Winter,Weekday
2024-01-01 14:00:00,51.92812896834775,-2.2999282024713916,Winter,Weekday
2024-01-01 15:00:00,61.81852655961882,-4.8272935393486796,Winter,Weekday
2024-01-01 16:00:00,90.52245161707071,4.495985523789929,Winter,Weekday
2024-01-01 17:00:00,68.36535754234131,0.029534608223999847,Winter,Weekday
2024-01-01 18:00:00,75.08298726896906,-5.901237016454229,Winter,Weekday
2024-01-01 19:00:00,66.69626349230367,-0.5102900189063933,Winter,Weekday
2024-01-01 20:00:00,66.2051684634587,-0.4166426950613028,Winter,Weekday
2024-01-01 21:00:00,79.96541914529608,-3.607199803090186,Winter,Weekday
2024-01-01 22:00:00,53.9576554683563,0.4830331742780537,Winter,Weekday
2024-01-01 23:00:00,53.86335891262261,3.7437604510569495,Winter,Weekday
2024-01-02 00:00:00,42.54303641798569,2.3375462820096025,Winter,Weekday
2024-01-02 01:00:00,48.3323677416462,7.981000454704137,Winter,Weekday
2024-01-02 02:00:00,39.96426777150425,4.165767836696836,Winter,Weekday
2024-01-02 03:00:00,40.81454121459563,4.369813516102758,Winter,Weekday
2024-01-02 04:00:00,55.54100178617871,4.866900494631467,Winter,Weekday
2024-01-02 05:00:00,38.17395036790055,5.729817059369454,Winter,Weekday
2024-01-02 06:00:00,43.715715245033024,1.8076828666460119,Winter,Weekday
2024-01-02 07:00:00,52.95711575730204,-3.757894480761781,Winter,Weekday
2024-01-02 08:00:00,60.72346739882231,-2.5620275684252203,Winter,Weekday
2024-01-02 09:00:00,56.60602475007123,1.9123140254953965,Winter,Weekday
2024-01-02 10:00:00,55.79237934606476,-15.563824268555845,Winter,Weekday
2024-01-02 11:00:00,65.8945044490656,9.494334501259873,Winter,Weekday
2024-01-02 12:00:00,52.820115975000405,-3.6673605137478464,Winter,Weekday
2024-01-02 13:00:00,41.15851191646963,10.252846421310643,Winter,Weekday
2024-01-02 14:00:00,54.99883129997251,7.721828437446066,Winter,Weekday
2024-01-02 15:00:00,64.11377733155483,3.7224325605095028,Winter,Weekday
2024-01-02 16:00:00,60.03439071151757,0.4871811895004064,Winter,Weekday
2024-01-02 17:00:00,79.7227226040556,-2.9978940468178643,Winter,Weekday
2024-01-02 18:00:00,84.79976329527204,0.3089173520740175,Winter,Weekday
2024-01-02 19:00:00,72.55124619959861,7.968813120207824,Winter,Weekday
2024-01-02 20:00:00,70.62737261677084,1.6871474643011977,Winter,Weekday
2024-01-02 21:00:00,74.00404887030619,-2.8386926718374603,Winter,Weekday
2024-01-02 22:00:00,67.09068845265773,4.360433795038597,Winter,Weekday
2024-01-02 23:00:00,60.77747781461733,-8.195787352523663,Winter,Weekday
2024-01-03 00:00:00,41.720566745961655,6.8510477558680405,Winter,Weekday
2024-01-03 01:00:00,34.64777244329646,2.3530699884004185,Winter,Weekday
2024-01-03 02:00:00,34.02841452243183,-1.772425475061377,Winter,Weekday
2024-01-03 03:00:00,35.32888077769596,-2.3485692058821748,Winter,Weekday
2024-01-03 04:00:00,33.48155110922172,3.6097285200022116,Winter,Weekday
2024-01-03 05:00:00,39.56809614610566,7.473143181623838,Winter,Weekday
2024-01-03 06:00:00,42.184161775227196,-1.108235696364729,Winter,Weekday
2024-01-03 07:00:00,59.87050606864267,-6.460270026597587,Winter,Weekday
2024-01-03 08:00:00,52.96503604951978,1.6969908050297944,Winter,Weekday
2024-01-03 09:00:00,62.51921333533075,-5.248239051403866,Winter,Weekday
2024-01-03 10:00:00,54.305632264347366,-8.120856892569602,Winter,Weekday
2024-01-03 11:00:00,59.25837494549422,2.024025087603895,Winter,Weekday
2024-01-03 12:00:00,62.23607091620621,-8.554836266783383,Winter,Weekday
2024-01-03 13:00:00,52.33424627827797,-1.376667530306147,Winter,Weekday
2024-01-03 14:00:00,55.302984622393176,-1.246659371195726,Winter,Weekday
2024-01-03 15:00:00,62.41151854167192,0.372157130104822,Winter,Weekday
2024-01-03 16:00:00,100.0,8.527164903137542,Winter,Weekday
2024-01-03 17:00:00,64.84648947114229,-6.699107724073063,Winter,Weekday
2024-01-03 18:00:00,70.09264313445316,6.57284210072095,Winter,Weekday
2024-01-03 19:00:00,79.72169295563653,6.961622281282109,Winter,Weekday
2024-01-03 20:00:00,73.29751331191765,-0.040022362075550245,Winter,Weekday
2024-01-03 21:00:00,67.84097015620505,-4.58693613876672,Winter,Weekday
2024-01-03 22:00:00,55.57921340419929,8.975893413765323,Winter,Weekday
2024-01-03 23:00:00,53.73448745804346,0.8654447203138138,Winter,Weekday
2024-01-04 00:00:00,42.05930863079229,2.4592861785898283,Winter,Weekday
2024-01-04 01:00:00,40.464113647366105,3.9110435498740017,Winter,Weekday
2024-01-04 02:00:00,46.26486829664925,-7.2709613896867324,Winter,Weekday
2024-01-04 03:00:00,43.052459372126684,-1.760355339882607,Winter,Weekday
2024-01-04 04:00:00,48.857142479627555,1.341695660672747,Winter,Weekday
2024-01-04 05:00:00,39.96442831683482,-4.1434457214957146,Winter,Weekday
2024-01-04 06:00:00,41.5149530854819,5.834558533100998,Winter,Weekday
2024-01-04 07:00:00,53.38076310653108,-11.535633587221472,Winter,Weekday
2024-01-04 08:00:00,51.93463368132174,4.685055763735487,Winter,Weekday
2024-01-04 09:00:00,50.30469692926879,-0.6735562306761521,Winter,Weekday
2024-01-04 10:00:00,57.91241201444158,5.115885783459403,Winter,Weekday
2024-01-04 11:00:00,59.837097859711825,-3.8472230582806706,Winter,Weekday
2024-01-04 12:00:00,62.636912664922164,0.38485840006065647,Winter,Weekday
2024-01-04 13:00:00,58.19871943478446,-3.222604747791226,Winter,Weekday
2024-01-04 14:00:00,63.23401823480071,2.554425206082007,Winter,Weekday
2024-01-04 15:00:00,61.94931852892241,-5.315759570445973,Winter,Weekday
2024-01-04 16:00:00,73.87247562739452,-0.44395892786380686,Winter,Weekday
2024-01-04 17:00:00,63.66664974648923,-10.997700570499248,Winter,Weekday
2024-01-04 18:00:00,69.91892344547576,-0.6525231262899099,Winter,Weekday
2024-01-04 19:00:00,73.60758064942996,4.497698820369033,Winter,Weekday
2024-01-04 20:00:00,74.99917841693676,-1.473574571651881,Winter,Weekday
2024-01-04 21:00:00,57.05561957360807,7.088647800631178,Winter,Weekday
2024-01-04 22:00:00,42.014615977338664,-0.08368926950541965,Winter,Weekday
2024-01-04 23:00:00,57.104478500217425,11.984693036119793,Winter,Weekday
2024-01-05 00:00:00,40.084675152888764,-5.673756818509647,Winter,Weekday
2024-01-05 01:00:00,42.448780123966685,0.5912415482225382,Winter,Weekday
2024-01-05 02:00:00,42.335038877025916,4.876358441022699,Winter,Weekday
2024-01-05 03:00:00,43.1258670822345,-5.3228724743228994,Winter,Weekday
2024-01-05 04:00:00,42.30029801276099,0.2646515415001233,Winter,Weekday
2024-01-05 05:00:00,37.7483823467811,1.4578543623785434,Winter,Weekday
2024-01-05 06:00:00,44.93841108794289,-5.801761803786886,Winter,Weekday
2024-01-05 07:00:00,52.651150431628466,12.037371958662714,Winter,Weekday
2024-01-05 08:00:00,59.44390515853021,2.8050375316927334,Winter,Weekday
2024-01-05 09:00:00,61.04437883679581,0.5203542619817458,Winter,Weekday
2024-01-05 10:00:00,68.02971024240274,3.6045874370468822,Winter,Weekday
2024-01-05 11:00:00,51.80027557953206,-4.37829325985034,Winter,Weekday
2024-01-05 12:00:00,50.84821891863941,3.203049117956634,Winter,Weekday
2024-01-05 13:00:00,56.42439305476974,1.1750394215912858,Winter,Weekday
2024-01-05 14:00:00,55.25958583530271,1.8172073199264598,Winter,Weekday
2024-01-05 15:00:00,60.52804684782312,5.737195893273475,Winter,Weekday
2024-01-05 16:00:00,65.97462651432032,-4.906597710192183,Winter,Weekday
2024-01-05 17:00:00,73.09829207891863,0.24914747064374523,Winter,Weekday
2024-01-05 18:00:00,66.61402429971439,-1.0341145646335326,Winter,Weekday
2024-01-05 19:00:00,76.06963676649204,-6.756507922305648,Winter,Weekday
2024-01-05 20:00:00,76.4040884232896,-1.813719899317939,Winter,Weekday
2024-01-05 21:00:00,65.94694779698712,-0.781499708801182,Winter,Weekday
2024-01-05 22:00:00,55.006447818591234,-2.399345608389456,Winter,Weekday
2024-01-05 23:00:00,53.20419600740948,4.584911649204191,Winter,Weekday
2024-01-06 00:00:00,44.391809611389256,-5.46325320155295,Winter,Weekend
2024-01-06 01:00:00,47.376166566900636,5.947683462593538,Winter,Weekend
2024-01-06 02:00:00,41.75346784167947,-2.5691290270378637,Winter,Weekend
2024-01-06 03:00:00,44.39350541355829,1.2524424368471485,Winter,Weekend
2024-01-06 04:00:00,38.07341994563927,1.410918110367835,Winter,Weekend
2024-01-06 05:00:00,40.2973614020532,-4.573620305748337,Winter,Weekend
2024-01-06 06:00:00,36.828654521108035,1.3441782046383075,Winter,Weekend
2024-01-06 07:00:00,65.66254222777178,-2.678254026775286,Winter,Weekend
2024-01-06 08:00:00,45.616991104706116,-4.700349130999677,Winter,Weekend
2024-01-06 09:00:00,56.05836880211986,-3.4655023389527964,Winter,Weekend
2024-01-06 10:00:00,65.15617234910155,-0.6710738654970883,Winter,Weekend
2024-01-06 11:00:00,50.90734960923673,2.24509292432726,Winter,Weekend
2024-01-06 12:00:00,53.68220253436758,1.187626836253919,Winter,Weekend
2024-01-06 13:00:00,49.92748926389318,-4.665820450442149,Winter,Weekend
2024-01-06 14:00:00,62.92772840751828,-7.004331488866597,Winter,Weekend
2024-01-06 15:00:00,47.41898787722943,-0.4241880527301012,Winter,Weekend
2024-01-06 16:00:00,82.52278176255908,-11.286061227351622,Winter,Weekend
2024-01-06 17:00:00,78.8984617663102,3.4652387634293165,Winter,Weekend
2024-01-06 18:00:00,73.2713106763285,4.652593178669954,Winter,Weekend
2024-01-06 19:00:00,79.51208824100209,6.88367545944992,Winter,Weekend
2024-01-06 20:00:00,72.30140883878742,-4.565797278542379,Winter,Weekend
2024-01-06 21:00:00,80.39608344785773,0.7569855483812025,Winter,Weekend
2024-01-06 22:00:00,52.07994294109479,-5.617865851236613,Winter,Weekend
2024-01-06 23:00:00,53.10982805728186,-0.6116138019394425,Winter,Weekend
2024-01-07 00:00:00,31.00733143040182,-5.56622762112068,Winter,Weekend
2024-01-07 01:00:00,44.196614065434,4.7189301596399265,Winter,Weekend
2024-01-07 02:00:00,28.972296063143332,-3.421341106981174,Winter,Weekend
2024-01-07 03:00:00,47.075226794625465,8.03822091966728,Winter,Weekend
2024-01-07 04:00:00,35.0030875326651,-2.0539285311974997,Winter,Weekend
2024-01-07 05:00:00,40.58557351594544,0.7047901849569392,Winter,Weekend
2024-01-07 06:00:00,45.523198667665895,-1.2121962821934038,Winter,Weekend
2024-01-07 07:00:00,61.32180517635391,-0.6812873648920934,Winter,Weekend
2024-01-07 08:00:00,44.72698915036285,-2.465184811225461,Winter,Weekend
2024-01-07 09:00:00,51.77356417511115,0.40592363714780844,Winter,Weekend
2024-01-07 10:00:00,65.43654372591214,-5.651917422683464,Winter,Weekend
2024-01-07 11:00:00,55.1240496890868,2.977291424108641,Winter,Weekend
2024-01-07 12:00:00,64.6283154179456,-2.057763790647323,Winter,Weekend
2024-01-07 13:00:00,60.70962371914595,-0.7225694772976677,Winter,Weekend
2024-01-07 14:00:00,63.67041035752006,4.24714275353047,Winter,Weekend
2024-01-07 15:00:00,61.645113371081564,-8.577368354272451,Winter,Weekend
2024-01-07 16:00:00,87.93271361362945,7.257567542180812,Winter,Weekend
2024-01-07 17:00:00,88.05595841455674,2.8166323968956233,Winter,Weekend
2024-01-07 18:00:00,76.90986124992213,-4.70997998459529,Winter,Weekend
2024-01-07 19:00:00,72.9611976589632,-7.552736035956851,Winter,Weekend
2024-01-07 20:00:00,63.59797262672975,2.0244485552410914,Winter,Weekend
2024-01-07 21:00:00,60.85976722904394,-2.6420786092832964,Winter,Weekend
2024-01-07 22:00:00,51.2789922812727,-0.9643921657204926,Winter,Weekend
2024-01-07 23:00:00,53.092179743427046,6.984654969089407,Winter,Weekend
2024-01-08 00:00:00,42.915051692986275,1.447132159313811,Winter,Weekday
2024-01-08 01:00:00,43.68392590461883,-11.776188640469696,Winter,Weekday
2024-01-08 02:00:00,39.88634702188697,-1.5269502113828497,Winter,Weekday
2024-01-08 03:00:00,40.69514610163602,1.6765338302797033,Winter,Weekday
2024-01-08 04:00:00,40.83067841880424,-12.295728422451848,Winter,Weekday
2024-01-08 05:00:00,37.43557574676442,-9.27268312134438,Winter,Weekday
2024-01-08 06:00:00,40.60380209105872,-2.9628155821074724,Winter,Weekday
2024-01-08 07:00:00,49.94635511887201,4.0664925057921115,Winter,Weekday
2024-01-08 08:00:00,54.45337257826377,-4.798660141585646,Winter,Weekday
2024-01-08 09:00:00,61.32042677764127,-1.9375835307677194,Winter,Weekday
2024-01-08 10:00:00,60.94253526730527,1.2681513027541669,Winter,Weekday
2024-01-08 11:00:00,68.06820725514714,0.05085839294071268,Winter,Weekday
2024-01-08 12:00:00,45.095086638155195,-14.198206263440182,Winter,Weekday
2024-01-08 13:00:00,57.54969138402429,-1.642595763012078,Winter,Weekday
2024-01-08 14:00:00,69.34838279861046,10.071008087015578,Winter,Weekday
2024-01-08 15:00:00,64.67549314952414,-0.8041828097036868,Winter,Weekday
2024-01-08 16:00:00,80.77579992816256,-2.7762686022057093,Winter,Weekday
2024-01-08 17:00:00,73.87567859326808,-7.931222967260418,Winter,Weekday
2024-01-08 18:00:00,82.01543816641018,7.598718319238155,Winter,Weekday
2024-01-08 19:00:00,73.22729878913091,1.473633311003125,Winter,Weekday
2024-01-08 20:00:00,77.09706887588436,12.226346688014827,Winter,Weekday
2024-01-08 21:00:00,74.46142744914499,-3.1272638675958033,Winter,Weekday
2024-01-08 22:00:00,53.43179721481576,-8.325816143391831,Winter,Weekday
2024-01-08 23:00:00,62.16347421220825,-4.630320199390981,Winter,Weekday
2024-01-09 00:00:00,46.818526890648336,1.2244546494575725,Winter,Weekday
2024-01-09 01:00:00,37.13514342797198,-5.372271037949853,Winter,Weekday
2024-01-09 02:00:00,38.66771779553389,3.398361366465012,Winter,Weekday
2024-01-09 03:00:00,40.47696781809168,3.18071260431755,Winter,Weekday
2024-01-09 04:00:00,32.078203194451554,3.7949496468044415,Winter,Weekday
2024-01-09 05:00:00,38.69278071753866,2.5211297204282648,Winter,Weekday
2024-01-09 06:00:00,32.763345930014,-0.3969855663503685,Winter,Weekday
2024-01-09 07:00:00,55.32609335303727,4.278295773313543,Winter,Weekday
2024-01-09 08:00:00,44.35539649698804,0.38428542464197796,Winter,Weekday
2024-01-09 09:00:00,66.8758561884119,-0.910050884838872,Winter,Weekday
2024-01-09 10:00:00,55.61974115187271,-1.315611489585611,Winter,Weekday
2024-01-09 11:00:00,46.884617423699886,-14.68501594264512,Winter,Weekday
2024-01-09 12:00:00,49.36904207864361,-1.8285314903102925,Winter,Weekday
2024-01-09 13:00:00,56.82907518432032,1.1369411090714279,Winter,Weekday
2024-01-09 14:00:00,49.781923060838444,-1.7822785264413055,Winter,Weekday
2024-01-09 15:00:00,65.85711839696464,1.529327533460065,Winter,Weekday
2024-01-09 16:00:00,70.84126218600872,-5.278840807746221,Winter,Weekday
2024-01-09 17:00:00,89.91021769336258,-1.4538133927455088,Winter,Weekday
2024-01-09 18:00:00,73.75931703388008,4.586079066965803,Winter,Weekday
2024-01-09 19:00:00,76.731116990983,2.5228780142374614,Winter,Weekday
2024-01-09 20:00:00,72.83566587534189,-1.5280330921643273,Winter,Weekday
2024-01-09 21:00:00,76.38130656065324,5.10696923184668,Winter,Weekday
2024-01-09 22:00:00,52.07434867298181,-0.5593945167634694,Winter,Weekday
2024-01-09 23:00:00,50.37887758043079,2.0049816060620627,Winter,Weekday
2024-01-10 00:00:00,37.17497449114218,3.5826121496184653,Winter,Weekday
2024-01-10 01:00:00,37.03218669029783,-8.8822100521942,Winter,Weekday
2024-01-10 02:00:00,49.761063520562814,6.522823655623821,Winter,Weekday
2024-01-10 03:00:00,37.29448474962281,0.9199717509341367,Winter,Weekday
2024-01-10 04:00:00,41.196264739902524,-4.752661414711031,Winter,Weekday
2024-01-10 05:00:00,34.68654914289988,-0.7841325016666651,Winter,Weekday
2024-01-10 06:00:00,37.67445188158298,-10.42172752412203,Winter,Weekday
2024-01-10 07:00:00,59.28725049034982,-5.962860135295415,Winter,Weekday
2024-01-10 08:00:00,54.06440709233123,6.562679246155483,Winter,Weekday
2024-01-10 09:00:00,56.23716396435924,3.8226004368511552,Winter,Weekday
2024-01-10 10:00:00,54.316465530078574,5.8256301185811115,Winter,Weekday
2024-01-10 11:00:00,63.01631914902227,1.4576049451716457,Winter,Weekday
2024-01-10 12:00:00,63.541113771782236,1.9301292204529283,Winter,Weekday
2024-01-10 13:00:00,52.06749326814107,-11.454985902081344,Winter,Weekday
2024-01-10 14:00:00,48.674177365339624,0.4609430938197872,Winter,Weekday
2024-01-10 15:00:00,58.264151604817656,-8.257466058572023,Winter,Weekday
2024-01-10 16:00:00,82.77178131727334,0.017577715537633175,Winter,Weekday
2024-01-10 17:00:00,74.28798271468388,5.806996857577941,Winter,Weekday
2024-01-10 18:00:00,75.83185090882446,-1.628561967874321,Winter,Weekday
2024-01-10 19:00:00,92.57468436655995,-11.20583215167392,Winter,Weekday
2024-01-10 20:00:00,71.8480965476709,-4.222956536409183,Winter,Weekday
2024-01-10 21:00:00,79.1519320225576,7.48759503373373,Winter,Weekday
2024-01-10 22:00:00,44.034394150098585,2.8529810209238833,Winter,Weekday
2024-01-10 23:00:00,56.128370262996356,-2.1465646778689176,Winter,Weekday
2024-01-11 00:00:00,46.704766165550815,-0.8488127331431415,Winter,Weekday
2024-01-11 01:00:00,44.41384405280995,-5.8200075470313255,Winter,Weekday
2024-01-11 02:00:00,36.287752810496045,-5.881707992986364,Winter,Weekday
2024-01-11 03:00:00,39.322207825579355,1.7492249642083992,Winter,Weekday
2024-01-11 04:00:00,33.75355123304204,0.09919183513366508,Winter,Weekday
2024-01-11 05:00:00,42.866932660746365,-2.8597598312655896,Winter,Weekday
2024-01-11 06:00:00,46.02378710516408,6.635618971102948,Winter,Weekday
2024-01-11 07:00:00,52.29411749400811,-4.419848076769186,Winter,Weekday
2024-01-11 08:00:00,52.30245044544628,-5.580242998720664,Winter,Weekday
2024-01-11 09:00:00,55.00246284770543,3.649863727495216,Winter,Weekday
2024-01-11 10:00:00,57.15351772642006,3.6331926739257705,Winter,Weekday
2024-01-11 11:00:00,59.76228349073109,-4.698238561078596,Winter,Weekday
2024-01-11 12:00:00,58.97824610468779,7.49660974784911,Winter,Weekday
2024-01-11 13:00:00,68.66428741731303,-0.9965608749320448,Winter,Weekday
2024-01-11 14:00:00,62.05806887824126,11.238631496552733,Winter,Weekday
2024-01-11 15:00:00,58.27737882406417,8.242527046335297,Winter,Weekday
2024-01-11 16:00:00,92.06321005560496,-4.399225072400752,Winter,Weekday
2024-01-11 17:00:00,68.62688311757503,0.9892630565451055,Winter,Weekday
2024-01-11 18:00:00,80.05693660942849,-3.722100329553604,Winter,Weekday
2024-01-11 19:00:00,75.67767812097685,-2.8040373367905587,Winter,Weekday
2024-01-11 20:00:00,85.80711576163272,4.85008996615909,Winter,Weekday
2024-01-11 21:00:00,77.4478429909962,9.875329650324753,Winter,Weekday
2024-01-11 22:00:00,46.70222157466394,-4.8897050217171065,Winter,Weekday
2024-01-11 23:00:00,60.787464893297624,12.018685440574599,Winter,Weekday
2024-01-12 00:00:00,41.32134380016989,6.623815829855223,Winter,Weekday
2024-01-12 01:00:00,44.89256533529847,8.810053917745678,Winter,Weekday
2024-01-12 02:00:00,41.368052865489695,-1.925204685967987,Winter,Weekday
2024-01-12 03:00:00,41.499714590726725,-0.6624925255164869,Winter,Weekday
2024-01-12 04:00:00,42.65022358471114,3.594873000749663,Winter,Weekday
2024-01-12 05:00:00,39.48767614792222,1.638689556336582,Winter,Weekday
2024-01-12 06:00:00,37.582645760536884,-2.938037154736803,Winter,Weekday
2024-01-12 07:00:00,63.39945470576659,7.23322741867543,Winter,Weekday
2024-01-12 08:00:00,49.03024817383907,-2.733477689308008,Winter,Weekday
2024-01-12 09:00:00,53.14808447952319,-1.9069829267973541,Winter,Weekday
2024-01-12 10:00:00,56.0431216641086,2.2083337921682813,Winter,Weekday
2024-01-12 11:00:00,51.32988795500224,5.916393461311715,Winter,Weekday
2024-01-12 12:00:00,48.10571087506768,-7.208004180129172,Winter,Weekday
2024-01-12 13:00:00,54.947201505777386,-3.736949916700014,Winter,Weekday
2024-01-12 14:00:00,70.05289964295787,-1.2506094828067553,Winter,Weekday
2024-01-12 15:00:00,60.9980225431425,-6.874337860231405,Winter,Weekday
2024-01-12 16:00:00,71.62778516497478,6.6235917835663125,Winter,Weekday
2024-01-12 17:00:00,79.6138551281585,8.55918236401045,Winter,Weekday
2024-01-12 18:00:00,78.65858521652233,-1.1229145162943173,Winter,Weekday
2024-01-12 19:00:00,89.25296520167426,3.9562237834724208,Winter,Weekday
2024-01-12 20:00:00,78.43464891883308,6.329156424341596,Winter,Weekday
2024-01-12 21:00:00,90.40666909574115,1.2919930254619538,Winter,Weekday
2024-01-12 22:00:00,60.63244697091979,2.0846311060329317,Winter,Weekday
2024-01-12 23:00:00,54.19878678187773,-4.881291421697788,Winter,Weekday
2024-01-13 00:00:00,42.4836687193923,-8.253261054111412,Winter,Weekend
2024-01-13 01:00:00,47.375529329155036,7.6178263066147895,Winter,Weekend
2024-01-13 02:00:00,32.879348396776166,2.075144021423557,Winter,Weekend
2024-01-13 03:00:00,27.768671509993766,-1.0336977881668072,Winter,Weekend
2024-01-13 04:00:00,32.00134958591194,-1.983123998056377,Winter,Weekend
2024-01-13 05:00:00,40.74546509593649,0.7362538732846636,Winter,Weekend
2024-01-13 06:00:00,40.23351792693161,2.9731062955560876,Winter,Weekend
2024-01-13 07:00:00,53.9968760419576,-6.919380864322763,Winter,Weekend
2024-01-13 08:00:00,57.11862894225344,7.158539976152749,Winter,Weekend
2024-01-13 09:00:00,54.542880157931705,0.7900507311010159,Winter,Weekend
2024-01-13 10:00:00,54.345747712543414,-3.890750250149834,Winter,Weekend
2024-01-13 11:00:00,56.778289690058365,4.511594520484384,Winter,Weekend
2024-01-13 12:00:00,59.712217737271814,6.751136471349658,Winter,Weekend
2024-01-13 13:00:00,65.4409882914204,-3.0740149232382756,Winter,Weekend
2024-01-13 14:00:00,62.71991938590082,-1.0776713613953035,Winter,Weekend
2024-01-13 15:00:00,62.90192509908961,-0.3185241029848495,Winter,Weekend
2024-01-13 16:00:00,72.8695234673565,-15.426871031884001,Winter,Weekend
2024-01-13 17:00:00,94.79640932949134,3.208323860242961,Winter,Weekend
2024-01-13 18:00:00,70.69739660012615,6.510102575179605,Winter,Weekend
2024-01-13 19:00:00,77.17865619353742,-9.727928190635973,Winter,Weekend
2024-01-13 20:00:00,66.23236228743417,3.6167339829884093,Winter,Weekend
2024-01-13 21:00:00,72.1073890294822,1.2233739071958976,Winter,Weekend
2024-01-13 22:00:00,56.8251952417086,-7.332188773191675,Winter,Weekend
2024-01-13 23:00:00,49.2080046943255,-3.041279633785579,Winter,Weekend
2024-01-14 00:00:00,42.00573774038406,-5.144715912041508,Winter,Weekend
2024-01-14 01:00:00,39.63192125950299,11.369452454672102,Winter,Weekend
2024-01-14 02:00:00,46.00742126802851,8.703886464804103,Winter,Weekend
2024-01-14 03:00:00,34.43113003458489,7.623125051627171,Winter,Weekend
2024-01-14 04:00:00,45.89328573893348,7.327047024557617,Winter,Weekend
2024-01-14 05:00:00,46.18134246144897,0.8085321850558882,Winter,Weekend
2024-01-14 06:00:00,38.45277792485514,2.3213246956975055,Winter,Weekend
2024-01-14 07:00:00,47.551201875728246,-5.873529729625703,Winter,Weekend
2024-01-14 08:00:00,55.96396925499879,2.8747509138990166,Winter,Weekend
2024-01-14 09:00:00,46.40444501598387,-5.1990005076190196,Winter,Weekend
2024-01-14 10:00:00,63.53669240194197,-5.952624867997795,Winter,Weekend
2024-01-14 11:00:00,58.104779051020955,-3.6965484525478605,Winter,Weekend
2024-01-14 12:00:00,57.86412229586111,-1.540998761474234,Winter,Weekend
2024-01-14 13:00:00,63.738920172815426,3.800201903689761,Winter,Weekend
2024-01-14 14:00:00,73.20986368263517,10.89560569284307,Winter,Weekend
2024-01-14 15:00:00,51.8783807916465,1.415097726936315,Winter,Weekend
2024-01-14 16:00:00,79.96444170825721,-1.570807977214633,Winter,Weekend
2024-01-14 17:00:00,67.07775944147119,4.920156108215069,Winter,Weekend
2024-01-14 18:00:00,76.25858502781426,1.071648567834865,Winter,Weekend
2024-01-14 19:00:00,70.28153652642817,-8.502836914138967,Winter,Weekend
2024-01-14 20:00:00,85.74502503714766,-0.14252141413822633,Winter,Weekend
2024-01-14 21:00:00,60.8153187770281,0.7587199170606712,Winter,Weekend
2024-01-14 22:00:00,46.84727701149531,6.5803096065317686,Winter,Weekend
2024-01-14 23:00:00,60.9691266212572,10.408170061302602,Winter,Weekend
2024-01-15 00:00:00,51.229348434624086,-1.9344329226433996,Winter,Weekday
2024-01-15 01:00:00,44.701278261913075,-1.4651355790490563,Winter,Weekday
2024-01-15 02:00:00,35.226489435779506,5.996634063156366,Winter,Weekday
2024-01-15 03:00:00,42.528287442983036,5.667941974136314,Winter,Weekday
2024-01-15 04:00:00,35.44441533342534,1.437458750673418,Winter,Weekday
2024-01-15 05:00:00,36.8494966957193,-10.869956246886005,Winter,Weekday
2024-01-15 06:00:00,44.210144539616124,2.063878236196221,Winter,Weekday
2024-01-15 07:00:00,64.81284474135498,-3.9355549382961574,Winter,Weekday
2024-01-15 08:00:00,51.90856725638771,-6.698427163698231,Winter,Weekday
2024-01-15 09:00:00,63.82412791387024,1.6735879240879963,Winter,Weekday
2024-01-15 10:00:00,57.71815943162597,3.1157452982589176,Winter,Weekday
2024-01-15 11:00:00,41.202767881760934,-6.538998081823183,Winter,Weekday
2024-01-15 12:00:00,56.59998118566674,-4.84050761468953,Winter,Weekday
2024-01-15 13:00:00,55.09875245750286,-2.981299324240126,Winter,Weekday
2024-01-15 14:00:00,44.30281866562379,4.544051252921232,Winter,Weekday
2024-01-15 15:00:00,54.404402540619756,-8.973531697952,Winter,Weekday
2024-01-15 16:00:00,82.00636854626268,7.506229516323426,Winter,Weekday
2024-01-15 17:00:00,69.6815005895362,3.016875265814404,Winter,Weekday
2024-01-15 18:00:00,68.93868359824022,-2.5657175576913316,Winter,Weekday
2024-01-15 19:00:00,78.77526105210038,-1.971304597102945,Winter,Weekday
2024-01-15 20:00:00,91.6968402778319,7.211185918892723,Winter,Weekday
2024-01-15 21:00:00,62.94696623713675,-0.767542098762817,Winter,Weekday
2024-01-15 22:00:00,56.91623825339768,7.321067601610509,Winter,Weekday
2024-01-15 23:00:00,56.50321137918296,6.6368950557459,Winter,Weekday
2024-01-16 00:00:00,37.08401738524558,-0.04069276646796487,Winter,Weekday
2024-01-16 01:00:00,35.5064794522889,-1.21700853242301,Winter,Weekday
2024-01-16 02:00:00,37.49881341445202,-5.690757147675944,Winter,Weekday
2024-01-16 03:00:00,47.66312123050107,-2.518317459902998,Winter,Weekday
2024-01-16 04:00:00,36.18672971996182,0.9092819504302853,Winter,Weekday
2024-01-16 05:00:00,38.789197607414266,-3.933383730142097,Winter,Weekday
2024-01-16 06:00:00,39.41861828076685,-5.698502908870791,Winter,Weekday
2024-01-16 07:00:00,62.15796367167778,3.660050774669434,Winter,Weekday
2024-01-16 08:00:00,54.35323172745458,8.039894900009251,Winter,Weekday
2024-01-16 09:00:00,48.55247206811155,1.245471244860865,Winter,Weekday
2024-01-16 10:00:00,42.09673142734401,-6.231746550132341,Winter,Weekday
2024-01-16 11:00:00,60.80958062614335,7.986391100227001,Winter,Weekday
2024-01-16 12:00:00,54.04767721870593,-3.2034777803980847,Winter,Weekday
2024-01-16 13:00:00,54.77959436037161,7.105116378419898,Winter,Weekday
2024-01-16 14:00:00,63.92901113862387,-1.387034831017242,Winter,Weekday
2024-01-16 15:00:00,39.668216450068954,-2.5470235194412876,Winter,Weekday
2024-01-16 16:00:00,67.45895767827045,1.9565839114673218,Winter,Weekday
2024-01-16 17:00:00,72.31231361001052,2.0807383047398065,Winter,Weekday
2024-01-16 18:00:00,61.43440567963145,-2.7799071833796947,Winter,Weekday
2024-01-16 19:00:00,76.59593441584394,3.084712234859088,Winter,Weekday
2024-01-16 20:00:00,67.41458747791891,-1.9974570180277422,Winter,Weekday
2024-01-16 21:00:00,79.74052934449125,1.1582941079543916,Winter,Weekday
2024-01-16 22:00:00,64.56871292730608,0.38751820918836394,Winter,Weekday
2024-01-16 23:00:00,58.14660094317535,-4.450399145968315,Winter,Weekday
2024-01-17 00:00:00,46.828985062535885,5.477244874712868,Winter,Weekday
2024-01-17 01:00:00,35.97113401661571,6.694552064912137,Winter,Weekday
2024-01-17 02:00:00,45.76226028793999,1.365349813530583,Winter,Weekday
2024-01-17 03:00:00,42.16493077624856,-5.4630831630236045,Winter,Weekday
2024-01-17 04:00:00,47.529111423030976,7.937775798862186,Winter,Weekday
2024-01-17 05:00:00,47.45740643833445,5.792261105736341,Winter,Weekday
2024-01-17 06:00:00,34.357481980315136,0.9427094506416669,Winter,Weekday
2024-01-17 07:00:00,61.76921906858714,0.8479813570544708,Winter,Weekday
2024-01-17 08:00:00,50.3441548921597,-4.286096466040644,Winter,Weekday
2024-01-17 09:00:00,63.454552462028346,6.220482031687798,Winter,Weekday
2024-01-17 10:00:00,52.77261921086192,-0.19347889141900437,Winter,Weekday
2024-01-17 11:00:00,64.95919246553169,-4.267927554972419,Winter,Weekday
2024-01-17 12:00:00,53.23746967496976,4.136984522968483,Winter,Weekday
2024-01-17 13:00:00,53.41356252778713,-0.8297644338661398,Winter,Weekday
2024-01-17 14:00:00,68.64780125904537,-1.9850543163294032,Winter,Weekday
2024-01-17 15:00:00,61.15972496048786,-6.14153661225132,Winter,Weekday
2024-01-17 16:00:00,79.02574340386299,-0.9105950576303369,Winter,Weekday
2024-01-17 17:00:00,85.55302311090533,6.230899949489007,Winter,Weekday
2024-01-17 18:00:00,81.75510002195264,-5.385265284944982,Winter,Weekday
2024-01-17 19:00:00,67.86749883535346,-5.970438052316438,Winter,Weekday
2024-01-17 20:00:00,74.52726382551532,4.736596402883519,Winter,Weekday
2024-01-17 21:00:00,86.26415024378468,-7.15266177684825,Winter,Weekday
2024-01-17 22:00:00,56.5973199074836,-1.7319431008579047,Winter,Weekday
2024-01-17 23:00:00,49.43489191674309,-4.584500588595819,Winter,Weekday
2024-01-18 00:00:00,42.514071434180316,-6.285078391955858,Winter,Weekday
2024-01-18 01:00:00,35.76356302479544,-9.147749054156728,Winter,Weekday
2024-01-18 02:00:00,41.306568239909396,-2.956178759395955,Winter,Weekday
2024-01-18 03:00:00,41.59276948051642,0.16604691121090026,Winter,Weekday
2024-01-18 04:00:00,43.3658514104761,2.5444316139624594,Winter,Weekday
2024-01-18 05:00:00,39.29396553154523,-6.162759777243445,Winter,Weekday
2024-01-18 06:00:00,38.170186372686274,-6.105761186283568,Winter,Weekday
2024-01-18 07:00:00,49.40989430019762,5.473999268463476,Winter,Weekday
2024-01-18 08:00:00,53.731818133267396,4.921629167179004,Winter,Weekday
2024-01-18 09:00:00,53.234183644837834,-4.498207240941877,Winter,Weekday
2024-01-18 10:00:00,65.75496862238599,17.16496810590466,Winter,Weekday
2024-01-18 11:00:00,56.12207169862985,8.365236588504892,Winter,Weekday
2024-01-18 12:00:00,59.0559539360007,2.440432887281415,Winter,Weekday
2024-01-18 13:00:00,53.712700504953446,2.6364447676242833,Winter,Weekday
2024-01-18 14:00:00,53.5653731536685,-5.958456595696102,Winter,Weekday
2024-01-18 15:00:00,48.4531402829375,-3.499398188090378,Winter,Weekday
2024-01-18 16:00:00,66.58264664970919,2.4806285225271503,Winter,Weekday
2024-01-18 17:00:00,78.2243181946805,-1.0042113443251424,Winter,Weekday
2024-01-18 18:00:00,58.685788943490664,3.645376395024467,Winter,Weekday
2024-01-18 19:00:00,54.730796903222505,0.7897735334036333,Winter,Weekday
2024-01-18 20:00:00,86.98085866901293,0.07928718510008295,Winter,Weekday
2024-01-18 21:00:00,83.84189977682806,-1.627460233916528,Winter,Weekday
2024-01-18 22:00:00,56.3200497256307,-6.75792341483949,Winter,Weekday
2024-01-18 23:00:00,64.36690130796053,5.5217313323284545,Winter,Weekday
2024-01-19 00:00:00,37.64479600891563,-0.8954310934509488,Winter,Weekday
2024-01-19 01:00:00,38.2990497852279,-5.268426741104958,Winter,Weekday
2024-01-19 02:00:00,45.98628253899356,7.632080832498812,Winter,Weekday
2024-01-19 03:00:00,36.17533507920547,1.4316693843621562,Winter,Weekday
2024-01-19 04:00:00,35.92464413112134,8.762859439399303,Winter,Weekday
2024-01-19 05:00:00,34.48878299824248,6.87612748220233,Winter,Weekday
2024-01-19 06:00:00,33.733016395225015,1.3857425447584273,Winter,Weekday
2024-01-19 07:00:00,47.89911849129623,-3.26514480957583,Winter,Weekday
2024-01-19 08:00:00,60.61451397147572,-0.7713547072275215,Winter,Weekday
2024-01-19 09:00:00,56.415837589508975,-3.407422284897619,Winter,Weekday
2024-01-19 10:00:00,58.33383692266312,-4.486100347710799,Winter,Weekday
2024-01-19 11:00:00,56.644760123805476,-0.8135261548451233,Winter,Weekday
2024-01-19 12:00:00,48.86353913287432,3.497579378575989,Winter,Weekday
2024-01-19 13:00:00,56.13099000483999,-5.711126911548517,Winter,Weekday
2024-01-19 14:00:00,47.78797895903623,-2.41971576457749,Winter,Weekday
2024-01-19 15:00:00,55.81072944298122,-2.174777374026276,Winter,Weekday
2024-01-19 16:00:00,81.20460071209405,-3.2697739458652277,Winter,Weekday
2024-01-19 17:00:00,84.9862138253902,9.824003805155023,Winter,Weekday
2024-01-19 18:00:00,82.1146497016556,-4.678126726075972,Winter,Weekday
2024-01-19 19:00:00,71.4295516683534,-0.17664230366498618,Winter,Weekday
2024-01-19 20:00:00,81.5633700502449,-0.994435848896888,Winter,Weekday
2024-01-19 21:00:00,74.9611549451474,2.9202580749133533,Winter,Weekday
2024-01-19 22:00:00,55.30854333377712,-4.421184243381581,Winter,Weekday
2024-01-19 23:00:00,61.747139923483296,2.218268904451594,Winter,Weekday
2024-01-20 00:00:00,33.44592531067403,1.7453789123426833,Winter,Weekend
2024-01-20 01:00:00,34.5407851118399,-8.667790499106427,Winter,Weekend
2024-01-20 02:00:00,33.78693701568406,2.1438118123130248,Winter,Weekend
2024-01-20 03:00:00,40.75631137760036,-4.811190793557691,Winter,Weekend
2024-01-20 04:00:00,40.5539852991789,-4.605100954780104,Winter,Weekend
2024-01-20 05:00:00,43.094402743073054,2.2033658375866825,Winter,Weekend
2024-01-20 06:00:00,36.776613724407454,-7.871928260226055,Winter,Weekend
2024-01-20 07:00:00,54.677360645798984,7.01509663363205,Winter,Weekend
2024-01-20 08:00:00,58.59854196759978,-8.423832635118396,Winter,Weekend
2024-01-20 09:00:00,45.84481173769566,4.156325256578899,Winter,Weekend
2024-01-20 10:00:00,47.76267047149747,-10.445646242240851,Winter,Weekend
2024-01-20 11:00:00,48.96476602640977,-3.007233156302209,Winter,Weekend
2024-01-20 12:00:00,42.40997624018853,11.225189133378393,Winter,Weekend
2024-01-20 13:00:00,49.943372303016496,3.230568123065083,Winter,Weekend
2024-01-20 14:00:00,61.48905629636355,1.429220355508822,Winter,Weekend
2024-01-20 15:00:00,54.71316858615902,-3.7329483065091718,Winter,Weekend
2024-01-20 16:00:00,78.90215105089112,-2.1027070553457565,Winter,Weekend
2024-01-20 17:00:00,72.11609529947307,-3.9071828436558906,Winter,Weekend
2024-01-20 18:00:00,70.71374422014688,3.0277954663721873,Winter,Weekend
2024-01-20 19:00:00,78.21355270417824,6.935955360413177,Winter,Weekend
2024-01-20 20:00:00,73.16858775088916,3.3520496774313804,Winter,Weekend
2024-01-20 21:00:00,64.67169988551498,-7.079442107959197,Winter,Weekend
2024-01-20 22:00:00,59.21827988577328,-0.9122696229804627,Winter,Weekend
2024-01-20 23:00:00,57.98779599292698,4.866388534878054,Winter,Weekend
2024-01-21 00:00:00,46.44194458990656,2.8581860659500826,Winter,Weekend
2024-01-21 01:00:00,35.16372696148683,-4.072567426490406,Winter,Weekend
2024-01-21 02:00:00,39.3556770269171,-2.250231390261215,Winter,Weekend
2024-01-21 03:00:00,40.15162787203904,-1.3863553404296722,Winter,Weekend
2024-01-21 04:00:00,46.515162292520905,-3.8441040232252703,Winter,Weekend
2024-01-21 05:00:00,34.83063667903017,-1.6538820586087397,Winter,Weekend
2024-01-21 06:00:00,46.82560797623654,-5.326604312245189,Winter,Weekend
2024-01-21 07:00:00,44.27793752595279,2.714807291219194,Winter,Weekend
2024-01-21 08:00:00,53.24006944907099,4.347222653083559,Winter,Weekend
2024-01-21 09:00:00,58.293264896606765,2.1331532139566627,Winter,Weekend
2024-01-21 10:00:00,58.315893830448424,-5.961614432794242,Winter,Weekend
2024-01-21 11:00:00,54.40590634335013,8.829891443165938,Winter,Weekend
2024-01-21 12:00:00,47.85038745426924,3.6465905532240943,Winter,Weekend
2024-01-21 13:00:00,49.22220039473652,3.0067948967640468,Winter,Weekend
2024-01-21 14:00:00,54.60756862925092,2.03509111796866,Winter,Weekend
2024-01-21 15:00:00,51.89896682906913,0.6528429736364384,Winter,Weekend
2024-01-21 16:00:00,81.07179171044483,3.5480609798440463,Winter,Weekend
2024-01-21 17:00:00,69.89576587219133,2.567437812886997,Winter,Weekend
2024-01-21 18:00:00,93.73511826769332,3.5649468528194914,Winter,Weekend
2024-01-21 19:00:00,70.2364452582931,4.657567268919454,Winter,Weekend
2024-01-21 20:00:00,78.11324162327006,5.824859481402981,Winter,Weekend
2024-01-21 21:00:00,68.54956559091008,-5.877790102162098,Winter,Weekend
2024-01-21 22:00:00,61.45970773674781,1.0024033044573462,Winter,Weekend
2024-01-21 23:00:00,56.233386164641246,-7.071014104479768,Winter,Weekend
2024-01-22 00:00:00,38.76350239088988,-0.79242693200873,Winter,Weekday
2024-01-22 01:00:00,38.59612938628178,5.062876429555344,Winter,Weekday
2024-01-22 02:00:00,42.594564596766304,10.633135145776683,Winter,Weekday
2024-01-22 03:00:00,40.142639021782486,7.886038476630173,Winter,Weekday
2024-01-22 04:00:00,43.29067710318756,5.446472551623735,Winter,Weekday
2024-01-22 05:00:00,28.110175223431632,-8.512675185614127,Winter,Weekday
2024-01-22 06:00:00,37.63973574027399,-3.8697060578968334,Winter,Weekday
2024-01-22 07:00:00,53.321411742676766,4.1748808482268975,Winter,Weekday
2024-01-22 08:00:00,42.682623116476655,5.42244578915538,Winter,Weekday
2024-01-22 09:00:00,60.224292681289825,3.6465653982591095,Winter,Weekday
2024-01-22 10:00:00,45.056117414864815,-2.281934858503835,Winter,Weekday
2024-01-22 11:00:00,61.114659002133656,-3.777217875350545,Winter,Weekday
2024-01-22 12:00:00,43.81643995951654,-7.571279149445202,Winter,Weekday
2024-01-22 13:00:00,58.68891732456719,4.357650603187011,Winter,Weekday
2024-01-22 14:00:00,40.286019584402915,7.347778590205093,Winter,Weekday
2024-01-22 15:00:00,45.61522818339149,-1.105949800090598,Winter,Weekday
2024-01-22 16:00:00,79.93776852446634,2.36139847666941,Winter,Weekday
2024-01-22 17:00:00,72.30574483185701,2.350237617434446,Winter,Weekday
2024-01-22 18:00:00,72.47609451435959,-0.2333082458394867,Winter,Weekday
2024-01-22 19:00:00,79.82613671594808,-0.37501694238909117,Winter,Weekday
2024-01-22 20:00:00,81.03862151553996,-1.399735311275866,Winter,Weekday
2024-01-22 21:00:00,66.38329512705529,1.9960158706706261,Winter,Weekday
2024-01-22 22:00:00,59.16101965470077,-2.4922722375524713,Winter,Weekday
2024-01-22 23:00:00,60.55529474916975,1.768879174022565,Winter,Weekday
2024-01-23 00:00:00,35.77185894271478,-4.974205009746671,Winter,Weekday
2024-01-23 01:00:00,35.63900484973182,-6.559437562240343,Winter,Weekday
2024-01-23 02:00:00,38.64956105122278,-1.4637794439932539,Winter,Weekday
2024-01-23 03:00:00,37.67662392737945,-4.8280868639617385,Winter,Weekday
2024-01-23 04:00:00,40.40823626630723,-2.3402296988809703,Winter,Weekday
2024-01-23 05:00:00,38.00326656593682,-6.743002960533913,Winter,Weekday
2024-01-23 06:00:00,35.54410751568458,-3.189267569358814,Winter,Weekday
2024-01-23 07:00:00,57.71134124509705,-4.513129177937224,Winter,Weekday
2024-01-23 08:00:00,54.743438755654815,0.5374625069632397,Winter,Weekday
2024-01-23 09:00:00,54.39588993909099,5.002220361439344,Winter,Weekday
2024-01-23 10:00:00,48.368515651582584,-3.962640333644452,Winter,Weekday
2024-01-23 11:00:00,69.36823577481503,2.353990933733331,Winter,Weekday
2024-01-23 12:00:00,60.6135666207435,-10.899276024564815,Winter,Weekday
2024-01-23 13:00:00,53.20811064657846,-1.6541311958327984,Winter,Weekday
2024-01-23 14:00:00,48.16963143323125,0.9247876616443782,Winter,Weekday
2024-01-23 15:00:00,63.4531294937615,12.580481659995932,Winter,Weekday
2024-01-23 16:00:00,76.1568167577157,-2.375512699726143,Winter,Weekday
2024-01-23 17:00:00,52.89818846027697,-11.123693024259113,Winter,Weekday
2024-01-23 18:00:00,89.53131123437454,-0.006037478163968331,Winter,Weekday
2024-01-23 19:00:00,69.08890454365556,3.0653170484195256,Winter,Weekday
2024-01-23 20:00:00,71.43184781365613,2.270472092576633,Winter,Weekday
2024-01-23 21:00:00,80.83392753270664,-7.4767283350583895,Winter,Weekday
2024-01-23 22:00:00,58.31244609860307,-2.303133663375084,Winter,Weekday
2024-01-23 23:00:00,56.390415867415726,-5.979512510871215,Winter,Weekday
2024-01-24 00:00:00,41.9726394104213,4.692495298272268,Winter,Weekday
2024-01-24 01:00:00,41.05923486695949,-4.935039083226234,Winter,Weekday
2024-01-24 02:00:00,40.798326969857285,-1.6858730380318154,Winter,Weekday
2024-01-24 03:00:00,41.30371451618743,-1.7467691378296013,Winter,Weekday
2024-01-24 04:00:00,38.161909362990855,2.651392507942747,Winter,Weekday
2024-01-24 05:00:00,43.29099033925993,-8.190996103128464,Winter,Weekday
2024-01-24 06:00:00,42.367472654796934,-0.9927811246408127,Winter,Weekday
2024-01-24 07:00:00,58.385290291109776,5.452762852927231,Winter,Weekday
2024-01-24 08:00:00,57.12969502491449,-4.9393120968371695,Winter,Weekday
2024-01-24 09:00:00,62.65394079931801,8.904450351918769,Winter,Weekday
2024-01-24 10:00:00,44.283416754803675,3.972047789125928,Winter,Weekday
2024-01-24 11:00:00,49.03939106529552,-11.42072508712926,Winter,Weekday
2024-01-24 12:00:00,46.369751017065944,-1.0209589195557534,Winter,Weekday
2024-01-24 13:00:00,50.50013059819146,-7.293650626458819,Winter,Weekday
2024-01-24 14:00:00,54.774485083102064,-5.788854520251229,Winter,Weekday
2024-01-24 15:00:00,48.73234377729156,-1.0070481788207608,Winter,Weekday
2024-01-24 16:00:00,84.03865047906696,-6.880327416601919,Winter,Weekday
2024-01-24 17:00:00,69.17830991942628,-11.881390000509809,Winter,Weekday
2024-01-24 18:00:00,82.63087543130277,-5.208472599530788,Winter,Weekday
2024-01-24 19:00:00,78.24317275914768,-2.1929322465116674,Winter,Weekday
2024-01-24 20:00:00,69.65346065533697,-0.12656219491724233,Winter,Weekday
2024-01-24 21:00:00,79.6178515754288,0.9868484812178469,Winter,Weekday
2024-01-24 22:00:00,50.12329632068654,1.1925814802350705,Winter,Weekday
2024-01-24 23:00:00,56.22463864786003,-1.7457814109387404,Winter,Weekday
2024-01-25 00:00:00,47.967453566022556,1.691209598551822,Winter,Weekday
2024-01-25 01:00:00,40.59440228362486,4.382192735111773,Winter,Weekday
2024-01-25 02:00:00,42.33616448469889,4.3119624387209115,Winter,Weekday
2024-01-25 03:00:00,48.34211596839962,7.365970608473007,Winter,Weekday
2024-01-25 04:00:00,40.62021451833688,2.2774163476076654,Winter,Weekday
2024-01-25 05:00:00,44.42310177678719,-0.37391832343497744,Winter,Weekday
2024-01-25 06:00:00,42.064611437688505,3.7009645555886954,Winter,Weekday
2024-01-25 07:00:00,52.36529414093362,-3.7819016888530927,Winter,Weekday
2024-01-25 08:00:00,57.346165195184255,-6.425800130468372,Winter,Weekday
2024-01-25 09:00:00,50.07515510873547,3.5335586262387446,Winter,Weekday
2024-01-25 10:00:00,52.19039386463913,0.3862226152672681,Winter,Weekday
2024-01-25 11:00:00,61.14994753281535,2.890379936592094,Winter,Weekday
2024-01-25 12:00:00,54.11689840887278,4.931586116010798,Winter,Weekday
2024-01-25 13:00:00,56.48151138048318,-1.9417785235494631,Winter,Weekday
2024-01-25 14:00:00,51.880951963417495,-5.879499997345137,Winter,Weekday
2024-01-25 15:00:00,53.56405370047229,-3.521729635726984,Winter,Weekday
2024-01-25 16:00:00,63.74095715384565,-3.929782990567532,Winter,Weekday
2024-01-25 17:00:00,85.9807298624265,-7.744133141246503,Winter,Weekday
2024-01-25 18:00:00,73.00429925468912,-2.7702815620448358,Winter,Weekday
2024-01-25 19:00:00,59.605171608785426,-8.126140522799858,Winter,Weekday
2024-01-25 20:00:00,76.65873502764211,-4.055855692320525,Winter,Weekday
2024-01-25 21:00:00,48.51407257267575,-1.1720175731296973,Winter,Weekday
2024-01-25 22:00:00,59.64373269133884,-2.4736212957366464,Winter,Weekday
2024-01-25 23:00:00,46.83840470196638,-0.5109385322221188,Winter,Weekday
2024-01-26 00:00:00,45.96959622823277,4.226380911459671,Winter,Weekday
2024-01-26 01:00:00,33.01171596684656,-4.394759697477805,Winter,Weekday
2024-01-26 02:00:00,35.81703045184668,-3.21334105104106,Winter,Weekday
2024-01-26 03:00:00,36.93187996777598,-4.537810212548839,Winter,Weekday
2024-01-26 04:00:00,39.867380568811214,-7.530879903791904,Winter,Weekday
2024-01-26 05:00:00,36.64549169545152,-2.487366390721655,Winter,Weekday
2024-01-26 06:00:00,35.66444835930033,-3.0751614178645466,Winter,Weekday
2024-01-26 07:00:00,54.644308777926085,-6.627169150657156,Winter,Weekday
2024-01-26 08:00:00,60.08830723953537,10.252403818140026,Winter,Weekday
2024-01-26 09:00:00,49.27776391463697,-3.0223376560874504,Winter,Weekday
2024-01-26 10:00:00,52.22360520161458,7.260901662144278,Winter,Weekday
2024-01-26 11:00:00,55.60982199706205,0.17034274208485445,Winter,Weekday
2024-01-26 12:00:00,56.503264673628074,2.0839913823194367,Winter,Weekday
2024-01-26 13:00:00,48.78755122128852,1.4544640120480268,Winter,Weekday
2024-01-26 14:00:00,61.64493217186167,1.1510104404165824,Winter,Weekday
2024-01-26 15:00:00,48.38126819730906,4.888452882247217,Winter,Weekday
2024-01-26 16:00:00,85.66619593936852,-4.854414411494396,Winter,Weekday
2024-01-26 17:00:00,62.9990359193592,-1.3852658467917065,Winter,Weekday
2024-01-26 18:00:00,66.24265871084985,-2.516414360847884,Winter,Weekday
2024-01-26 19:00:00,75.36603357370244,1.0482168269076297,Winter,Weekday
2024-01-26 20:00:00,77.69862880466438,-1.8568130876501336,Winter,Weekday
2024-01-26 21:00:00,78.86237938225966,5.716261158594232,Winter,Weekday
2024-01-26 22:00:00,51.69365172372274,-0.15081077121857317,Winter,Weekday
2024-01-26 23:00:00,54.47098127764974,2.078939144374169,Winter,Weekday
2024-01-27 00:00:00,38.93226710333382,-11.655415989759955,Winter,Weekend
2024-01-27 01:00:00,35.91585745179696,-2.8680934165562095,Winter,Weekend
2024-01-27 02:00:00,46.093949202930915,-4.352132665228403,Winter,Weekend
2024-01-27 03:00:00,45.248989230044806,2.400868962854271,Winter,Weekend
2024-01-27 04:00:00,38.7423476198665,-6.531051497677197,Winter,Weekend
2024-01-27 05:00:00,38.81344019347226,1.3928992114334715,Winter,Weekend
2024-01-27 06:00:00,42.03953637540526,5.830922107780361,Winter,Weekend
2024-01-27 07:00:00,62.82873067254476,5.351654770652562,Winter,Weekend
2024-01-27 08:00:00,60.52258690227912,0.6271478384016215,Winter,Weekend
2024-01-27 09:00:00,50.787334473055765,4.416164032164671,Winter,Weekend
2024-01-27 10:00:00,47.75191131971428,-7.490595077378419,Winter,Weekend
2024-01-27 11:00:00,44.95106789758003,1.3454554809605468,Winter,Weekend
2024-01-27 12:00:00,52.73809928097506,-0.29461490784665906,Winter,Weekend
2024-01-27 13:00:00,57.249897707790694,-0.9002143527753127,Winter,Weekend
2024-01-27 14:00:00,55.5211666008857,-2.174443095610735,Winter,Weekend
2024-01-27 15:00:00,63.066287372661776,0.8500244231507716,Winter,Weekend
2024-01-27 16:00:00,59.85771970879923,2.918638573790857,Winter,Weekend
2024-01-27 17:00:00,68.88520347792476,-4.032137215387758,Winter,Weekend
2024-01-27 18:00:00,70.88093392411015,4.47194057129038,Winter,Weekend
2024-01-27 19:00:00,63.91213408584532,-2.210366202665035,Winter,Weekend
2024-01-27 20:00:00,82.6918126471918,-1.2619844919753354,Winter,Weekend
2024-01-27 21:00:00,80.96705225014223,1.9841192791427025,Winter,Weekend
2024-01-27 22:00:00,58.51656813395423,6.700812043207879,Winter,Weekend
2024-01-27 23:00:00,56.556659182068735,3.1126627150146993,Winter,Weekend
2024-01-28 00:00:00,37.40822840153996,1.6258174910712078,Winter,Weekend
2024-01-28 01:00:00,37.27366405012676,-2.33887684498571,Winter,Weekend
2024-01-28 02:00:00,28.640538908010683,-0.7782730473698274,Winter,Weekend
2024-01-28 03:00:00,38.43287650803846,2.7605495162977634,Winter,Weekend
2024-01-28 04:00:00,44.02751492513594,-8.92991622549272,Winter,Weekend
2024-01-28 05:00:00,42.90029534440154,0.45348783857786396,Winter,Weekend
2024-01-28 06:00:00,38.94707992126259,7.774665097562003,Winter,Weekend
2024-01-28 07:00:00,64.29718913216978,2.914067326557594,Winter,Weekend
2024-01-28 08:00:00,73.92426224077853,4.895782947117954,Winter,Weekend
2024-01-28 09:00:00,59.449430696097714,-5.674486328346032,Winter,Weekend
2024-01-28 10:00:00,50.58676718930901,-3.064005531015308,Winter,Weekend
2024-01-28 11:00:00,51.73080146860263,-6.091606245103379,Winter,Weekend
2024-01-28 12:00:00,57.6546736818935,9.258925751255633,Winter,Weekend
2024-01-28 13:00:00,50.981826368157144,9.673856295038778,Winter,Weekend
2024-01-28 14:00:00,58.239299011612765,1.0422791041470008,Winter,Weekend
2024-01-28 15:00:00,56.75284902375097,11.291440274297823,Winter,Weekend
2024-01-28 16:00:00,78.81047911256911,-4.272863364449988,Winter,Weekend
2024-01-28 17:00:00,89.01774770434635,10.914687885946808,Winter,Weekend
2024-01-28 18:00:00,80.36093168479232,2.708040337144091,Winter,Weekend
2024-01-28 19:00:00,68.54443896590624,4.433873609752851,Winter,Weekend
2024-01-28 20:00:00,60.261680496846786,0.054951708062685456,Winter,Weekend
2024-01-28 21:00:00,67.63765038767485,-3.2024237967440565,Winter,Weekend
2024-01-28 22:00:00,51.05503753702162,4.696092197612108,Winter,Weekend
2024-01-28 23:00:00,59.89678664217933,-4.323593490413853,Winter,Weekend
2024-01-29 00:00:00,40.374268082931245,8.689499299603527,Winter,Weekday
2024-01-29 01:00:00,34.86234312061132,-9.250711609680774,Winter,Weekday
2024-01-29 02:00:00,29.901883084377268,7.534794930358522,Winter,Weekday
2024-01-29 03:00:00,39.70599516304792,1.251267177513249,Winter,Weekday
2024-01-29 04:00:00,30.726527234906804,-9.170424766490694,Winter,Weekday
2024-01-29 05:00:00,41.164113613659296,7.666265001674662,Winter,Weekday
2024-01-29 06:00:00,42.57802780768278,-0.021483505206533034,Winter,Weekday
2024-01-29 07:00:00,54.71841439186508,6.330306549860855,Winter,Weekday
2024-01-29 08:00:00,52.320490604426354,6.716922325369499,Winter,Weekday
2024-01-29 09:00:00,58.88070158629751,2.034965321617114,Winter,Weekday
2024-01-29 10:00:00,42.49344761038587,2.192401803840026,Winter,Weekday
2024-01-29 11:00:00,51.90760887805584,-5.709247060615366,Winter,Weekday
2024-01-29 12:00:00,33.34400220155315,-4.063099520754573,Winter,Weekday
2024-01-29 13:00:00,51.391971929863765,-5.908910474344951,Winter,Weekday
2024-01-29 14:00:00,51.8745430435678,-0.7853318522723536,Winter,Weekday
2024-01-29 15:00:00,40.54548889621885,-0.9513741679077291,Winter,Weekday
2024-01-29 16:00:00,73.78446046427109,8.27076727955385,Winter,Weekday
2024-01-29 17:00:00,83.90231721742984,-4.866776883912408,Winter,Weekday
2024-01-29 18:00:00,84.04915126706526,4.050041137463605,Winter,Weekday
2024-01-29 19:00:00,78.608305625718,2.344004545490854,Winter,Weekday
2024-01-29 20:00:00,72.61755842157828,3.184192578592797,Winter,Weekday
2024-01-29 21:00:00,75.86473040737354,-5.781262385669824,Winter,Weekday
2024-01-29 22:00:00,63.5695504540028,-0.41323266880070536,Winter,Weekday
2024-01-29 23:00:00,47.239788275760475,4.27032145014633,Winter,Weekday
2024-01-30 00:00:00,42.92128464165868,9.384573219824423,Winter,Weekday
2024-01-30 01:00:00,28.439192844996548,-7.396492495720427,Winter,Weekday
2024-01-30 02:00:00,44.71837626161066,-0.4079295121610022,Winter,Weekday
2024-01-30 03:00:00,40.17082776632431,-1.745887849891993,Winter,Weekday
2024-01-30 04:00:00,36.04655092346019,-2.4288980326527416,Winter,Weekday
2024-01-30 05:00:00,49.70420211361645,1.706949020465445,Winter,Weekday
2024-01-30 06:00:00,43.85480044751489,-6.072754274010389,Winter,Weekday
2024-01-30 07:00:00,53.69568001948519,7.986570165513161,Winter,Weekday
2024-01-30 08:00:00,72.4253162770153,-2.5877348366921638,Winter,Weekday
2024-01-30 09:00:00,51.661635104090145,-2.320094466734041,Winter,Weekday
2024-01-30 10:00:00,68.71362830547326,10.91646088047964,Winter,Weekday
2024-01-30 11:00:00,63.034705232252186,2.763136790215843,Winter,Weekday
2024-01-30 12:00:00,63.0403740026191,6.530486514601029,Winter,Weekday
2024-01-30 13:00:00,68.055186863143,-5.690590586283372,Winter,Weekday
2024-01-30 14:00:00,54.259045199585,4.809491625277417,Winter,Weekday
2024-01-30 15:00:00,58.54696630487383,0.998861341348794,Winter,Weekday
2024-01-30 16:00:00,88.53183917800948,6.9718010649475195,Winter,Weekday
2024-01-30 17:00:00,91.42003912720521,-1.331355866026653,Winter,Weekday
2024-01-30 18:00:00,60.5733269793599,-5.092346631710683,Winter,Weekday
2024-01-30 19:00:00,82.09634423994046,2.3083525927600506,Winter,Weekday
2024-01-30 20:00:00,70.60789252977797,-3.379407050991176,Winter,Weekday
2024-01-30 21:00:00,69.30481518920912,-5.886452423278856,Winter,Weekday
2024-01-30 22:00:00,59.92615300443967,11.120065809403723,Winter,Weekday
2024-01-30 23:00:00,51.952051471430536,-3.769145401490255,Winter,Weekday
