state,county,start_time,duration,min_customers,max_customers,mean_customers
New Jersey,Hudson,11/4/2014 13:30,1,240,241,240
New Jersey,Hudson,11/8/2014 13:00,0.75,243,243,243
New Jersey,Hudson,11/9/2014 16:45,0.25,694,694,694
New Jersey,Hudson,11/10/2014 0:45,0.5,948,948,948
New Jersey,Hudson,11/14/2014 23:00,1,1238,1276,1249
New Jersey,Hudson,11/17/2014 19:15,3.5,956,2030,1931
New Jersey,Hudson,11/19/2014 12:00,0.25,2445,2445,2445
New Jersey,Hudson,11/25/2014 9:00,2.5,1603,1603,1603
New Jersey,Hudson,11/26/2014 2:30,0.5,1651,1653,1652
New Jersey,Hudson,11/26/2014 9:15,1,1609,1611,1610
New Jersey,Hudson,11/26/2014 13:45,0.75,1280,1281,1281
New Jersey,Hudson,11/29/2014 17:45,1.5,1514,1517,1515
New Jersey,Hudson,12/3/2014 15:15,0.25,1431,1431,1431
New Jersey,Hudson,12/7/2014 4:30,1.25,1570,1571,1571
New Jersey,Hudson,12/7/2014 8:45,0.25,898,898,898
New Jersey,Hudson,12/13/2014 1:00,1.75,7312,11334,10292
New Jersey,Hudson,12/19/2014 14:15,0.25,2817,2817,2817
New Jersey,Hudson,12/24/2014 17:30,0.75,440,992,786
New Jersey,Hudson,1/9/2015 14:45,1.5,287,297,292
New Jersey,Hudson,1/10/2015 21:00,3,294,437,357
New Jersey,Hudson,1/11/2015 21:30,3.25,425,425,425
New Jersey,Hudson,1/18/2015 7:45,1.5,1068,2689,2203
New Jersey,Hudson,1/30/2015 4:15,0.25,412,412,412
New Jersey,Hudson,2/2/2015 14:15,3.5,214,218,216
New Jersey,Hudson,2/6/2015 1:00,2.25,1429,1430,1429
New Jersey,Hudson,2/15/2015 6:30,0.25,2304,2304,2304
New Jersey,Hudson,2/15/2015 7:00,0.5,564,2366,1465
New Jersey,Hudson,2/26/2015 12:30,1.5,982,985,984
New Jersey,Hudson,3/2/2015 15:15,0.25,1213,1213,1213
New Jersey,Hudson,3/2/2015 19:15,0.25,376,376,376
New Jersey,Hudson,3/10/2015 21:00,0.75,647,703,671
New Jersey,Hudson,3/11/2015 4:30,4.25,619,644,643
New Jersey,Hudson,3/15/2015 15:00,0.25,375,375,375
New Jersey,Hudson,3/15/2015 19:15,0.25,1637,1637,1637
New Jersey,Hudson,3/17/2015 0:15,1.25,1412,1426,1420
New Jersey,Hudson,3/17/2015 18:45,2,1430,1430,1430
New Jersey,Hudson,3/17/2015 21:45,0.25,1432,1432,1432
New Jersey,Hudson,3/18/2015 11:30,0.25,863,863,863
New Jersey,Hudson,3/24/2015 8:45,0.25,2364,2364,2364
New Jersey,Hudson,3/24/2015 14:45,0.25,624,624,624
New Jersey,Hudson,3/26/2015 3:15,2.75,486,1519,695
New Jersey,Hudson,4/4/2015 23:15,0.5,1286,1287,1287
New Jersey,Hudson,4/6/2015 10:00,0.25,5451,5451,5451
New Jersey,Hudson,4/8/2015 0:30,0.25,333,333,333
New Jersey,Hudson,4/8/2015 1:15,1,5219,5825,5371
New Jersey,Hudson,4/10/2015 5:00,0.5,695,698,697
New Jersey,Hudson,4/10/2015 6:15,0.5,360,360,360
New Jersey,Hudson,4/13/2015 6:15,0.25,6122,6122,6122
New Jersey,Hudson,4/16/2015 21:00,0.25,483,483,483
New Jersey,Hudson,4/16/2015 21:30,0.25,215,215,215
New Jersey,Hudson,4/21/2015 3:00,0.25,505,505,505
New Jersey,Hudson,5/1/2015 10:15,0.25,1770,1770,1770
New Jersey,Hudson,5/3/2015 22:15,1.25,255,272,261
New Jersey,Hudson,5/4/2015 2:15,0.25,200,200,200
New Jersey,Hudson,5/4/2015 10:00,0.25,1829,1829,1829
New Jersey,Hudson,5/10/2015 16:00,0.25,1322,1322,1322
New Jersey,Hudson,5/12/2015 0:00,1,1378,1380,1379
New Jersey,Hudson,5/19/2015 9:30,0.25,3940,3940,3940
New Jersey,Hudson,5/28/2015 13:00,0.5,238,239,239
New Jersey,Hudson,5/28/2015 13:45,0.25,275,275,275
New Jersey,Hudson,5/28/2015 14:15,0.25,276,276,276
New Jersey,Hudson,5/28/2015 15:00,0.25,276,276,276
New Jersey,Hudson,5/28/2015 22:30,0.75,700,706,703
New Jersey,Hudson,5/28/2015 23:30,0.25,1353,1353,1353
New Jersey,Hudson,5/29/2015 0:00,0.25,1368,1368,1368
New Jersey,Hudson,6/2/2015 0:15,0.25,516,516,516
New Jersey,Hudson,6/2/2015 22:45,0.25,912,912,912
New Jersey,Hudson,6/8/2015 3:30,0.25,1224,1224,1224
New Jersey,Hudson,6/8/2015 21:15,0.25,1003,1003,1003
New Jersey,Hudson,6/9/2015 0:15,0.25,828,828,828
New Jersey,Hudson,6/12/2015 1:30,0.25,747,747,747
New Jersey,Hudson,6/12/2015 11:30,2,327,330,328
New Jersey,Hudson,6/13/2015 10:00,0.5,818,818,818
New Jersey,Hudson,6/15/2015 8:30,1.25,200,4901,2552
New Jersey,Hudson,6/15/2015 10:00,1,2706,4940,3588
New Jersey,Hudson,6/15/2015 11:45,0.75,1481,2705,1889
New Jersey,Hudson,6/15/2015 13:00,0.25,1684,1684,1684
New Jersey,Hudson,6/15/2015 17:45,0.5,265,982,624
New Jersey,Hudson,6/16/2015 11:45,0.25,974,974,974
New Jersey,Hudson,6/19/2015 17:30,0.25,813,813,813
New Jersey,Hudson,6/28/2015 13:45,0.25,1838,1838,1838
New Jersey,Hudson,6/30/2015 0:30,0.25,663,663,663
New Jersey,Hudson,7/1/2015 15:30,0.5,1575,1576,1576
New Jersey,Hudson,7/7/2015 21:00,0.25,1608,1608,1608
New Jersey,Hudson,7/7/2015 22:15,1.25,2437,3544,2874
New Jersey,Hudson,7/13/2015 23:30,2.5,221,227,224
New Jersey,Hudson,7/15/2015 0:15,0.25,1302,1302,1302
New Jersey,Hudson,7/18/2015 1:30,0.5,1103,1103,1103
New Jersey,Hudson,7/18/2015 17:00,0.5,1706,1706,1706
New Jersey,Hudson,7/20/2015 3:30,1.25,1413,1450,1430
New Jersey,Hudson,7/20/2015 19:45,5,2035,5990,2905
New Jersey,Hudson,7/21/2015 6:45,0.75,2516,2516,2516
New Jersey,Hudson,7/25/2015 15:00,0.75,1583,1585,1584
New Jersey,Hudson,7/29/2015 5:15,4.5,877,1904,1731
New Jersey,Hudson,7/30/2015 11:00,1,3944,3945,3945
New Jersey,Hudson,8/1/2015 10:00,0.25,3061,3061,3061
New Jersey,Hudson,8/2/2015 1:00,2,1531,1531,1531
New Jersey,Hudson,8/5/2015 12:30,0.5,937,937,937
New Jersey,Hudson,8/6/2015 10:30,3,239,242,241
New Jersey,Hudson,8/11/2015 13:30,0.5,1463,2093,1778
New Jersey,Hudson,8/17/2015 17:30,0.25,622,622,622
New Jersey,Hudson,8/20/2015 22:30,0.5,23760,73096,48428
New Jersey,Hudson,8/21/2015 9:00,0.25,2212,2212,2212
New Jersey,Hudson,8/27/2015 14:45,0.25,806,806,806
New Jersey,Hudson,8/27/2015 16:00,0.25,2263,2263,2263
New Jersey,Hudson,8/28/2015 15:45,1.75,302,436,414
New Jersey,Hudson,9/10/2015 8:45,1.5,418,1371,750
New Jersey,Hudson,9/12/2015 6:15,0.25,1644,1644,1644
New Jersey,Hudson,9/14/2015 15:15,0.25,12427,12427,12427
New Jersey,Hudson,9/21/2015 4:00,0.5,373,373,373
New Jersey,Hudson,9/24/2015 15:15,0.5,483,548,516
New Jersey,Hudson,10/3/2015 15:15,2,2217,2757,2645
New Jersey,Hudson,10/5/2015 15:30,2,242,243,243
New Jersey,Hudson,10/7/2015 5:30,0.25,7642,7642,7642
New Jersey,Hudson,10/7/2015 15:45,0.25,1142,1142,1142
New Jersey,Hudson,10/7/2015 20:30,0.5,978,979,979
New Jersey,Hudson,10/9/2015 15:15,0.5,458,458,458
New Jersey,Hudson,10/9/2015 22:30,1.25,4612,4616,4614
New Jersey,Hudson,10/10/2015 12:30,0.25,1386,1386,1386
New Jersey,Hudson,10/10/2015 21:30,1.5,2430,2448,2443
New Jersey,Hudson,10/11/2015 12:30,0.25,327,327,327
New Jersey,Hudson,10/12/2015 6:45,1.5,216,398,337
New Jersey,Hudson,10/16/2015 4:00,0.25,860,860,860
New Jersey,Hudson,10/18/2015 19:15,1.25,740,767,760
New Jersey,Hudson,10/19/2015 2:30,0.25,2694,2694,2694
New Jersey,Hudson,10/20/2015 19:00,0.25,3659,3659,3659
New Jersey,Hudson,10/28/2015 15:45,2,314,842,755
New Jersey,Hudson,10/29/2015 3:00,0.25,1080,1080,1080
New Jersey,Hudson,10/29/2015 8:45,3.25,215,835,510
New Jersey,Hudson,10/29/2015 12:15,8.75,213,237,216
New Jersey,Hudson,11/1/2015 12:00,2.25,326,384,364
New Jersey,Hudson,11/1/2015 16:30,1.25,942,942,942
New Jersey,Hudson,11/2/2015 6:00,0.25,287,287,287
New Jersey,Hudson,11/2/2015 13:15,0.25,827,827,827
New Jersey,Hudson,11/2/2015 15:00,0.25,1752,1752,1752
New Jersey,Hudson,11/9/2015 5:00,0.5,9258,18852,14055
New Jersey,Hudson,11/13/2015 1:00,3,324,328,326
New Jersey,Hudson,11/13/2015 18:30,1,1281,1317,1299
New Jersey,Hudson,11/18/2015 12:00,0.25,1079,1079,1079
New Jersey,Hudson,11/20/2015 17:15,0.25,951,951,951
New Jersey,Hudson,11/30/2015 20:15,1.25,2366,2368,2367
New Jersey,Hudson,12/1/2015 17:00,0.25,708,708,708
New Jersey,Hudson,12/4/2015 17:15,2.5,371,373,372
New Jersey,Hudson,12/4/2015 20:15,0.25,372,372,372
New Jersey,Hudson,12/5/2015 11:15,0.25,247,247,247
New Jersey,Hudson,12/5/2015 14:00,1.5,326,330,327
New Jersey,Hudson,12/7/2015 5:45,0.75,7685,7685,7685
New Jersey,Hudson,12/7/2015 8:15,0.25,3011,3011,3011
New Jersey,Hudson,12/9/2015 10:45,0.25,5501,5501,5501
New Jersey,Hudson,12/14/2015 5:00,0.5,1753,1753,1753
New Jersey,Hudson,12/14/2015 12:45,0.75,1756,1761,1758
New Jersey,Hudson,12/15/2015 11:00,0.25,4036,4036,4036
New Jersey,Hudson,12/18/2015 11:00,0.25,861,861,861
New Jersey,Hudson,12/22/2015 16:30,0.75,867,896,886
New Jersey,Hudson,12/22/2015 19:00,0.5,562,562,562
New Jersey,Hudson,12/24/2015 1:15,0.25,1862,1862,1862
New Jersey,Hudson,12/24/2015 6:15,1,1635,6961,2967
New Jersey,Hudson,12/26/2015 13:45,0.25,1635,1635,1635
New Jersey,Hudson,12/29/2015 8:00,0.5,1443,1445,1444
New Jersey,Hudson,12/30/2015 10:30,0.25,328,328,328
New Jersey,Hudson,1/7/2016 23:00,0.5,1081,1086,1084
New Jersey,Hudson,1/19/2016 10:00,1.75,204,772,620
New Jersey,Hudson,1/22/2016 21:45,0.25,6016,6016,6016
New Jersey,Hudson,1/27/2016 1:15,0.25,2938,2938,2938
New Jersey,Hudson,1/27/2016 2:30,1.25,362,771,543
New Jersey,Hudson,1/27/2016 4:00,0.5,444,444,444
New Jersey,Hudson,1/27/2016 4:45,0.25,259,259,259
New Jersey,Hudson,1/27/2016 18:00,1.25,1102,1104,1103
New Jersey,Hudson,1/27/2016 19:30,0.25,839,839,839
New Jersey,Hudson,1/31/2016 22:15,5,200,823,323
New Jersey,Hudson,2/2/2016 11:00,0.25,1079,1079,1079
New Jersey,Hudson,2/3/2016 4:30,0.25,3444,3444,3444
New Jersey,Hudson,2/3/2016 21:30,2,2282,2310,2288
New Jersey,Hudson,2/5/2016 12:15,1,733,733,733
New Jersey,Hudson,2/8/2016 18:15,0.5,363,373,368
New Jersey,Hudson,2/8/2016 19:00,1,871,900,885
New Jersey,Hudson,2/8/2016 21:30,0.5,325,325,325
New Jersey,Hudson,2/14/2016 19:15,1.75,4426,4428,4427
New Jersey,Hudson,2/16/2016 1:30,0.25,1486,1486,1486
New Jersey,Hudson,2/16/2016 3:00,0.25,510,510,510
New Jersey,Hudson,2/16/2016 11:45,0.25,4422,4422,4422
New Jersey,Hudson,2/16/2016 19:45,2.25,630,702,668
New Jersey,Hudson,2/17/2016 15:00,0.25,520,520,520
New Jersey,Hudson,2/19/2016 5:45,0.5,4747,4747,4747
New Jersey,Hudson,2/21/2016 13:45,0.25,232,232,232
New Jersey,Hudson,2/21/2016 14:15,0.75,214,214,214
New Jersey,Hudson,2/23/2016 18:45,0.75,715,715,715
New Jersey,Hudson,2/25/2016 3:30,3.75,231,9653,4599
New Jersey,Hudson,2/25/2016 10:15,0.25,1845,1845,1845
New Jersey,Hudson,2/25/2016 12:00,0.25,2067,2067,2067
New Jersey,Hudson,2/25/2016 14:45,0.75,485,486,485
New Jersey,Hudson,2/25/2016 17:15,0.75,230,232,231
New Jersey,Hudson,2/26/2016 0:30,0.25,2063,2063,2063
New Jersey,Hudson,2/29/2016 18:45,0.25,7715,7715,7715
New Jersey,Hudson,3/8/2016 17:00,1.5,201,202,201
New Jersey,Hudson,3/8/2016 21:00,0.25,715,715,715
New Jersey,Hudson,3/9/2016 9:00,0.75,288,299,295
New Jersey,Hudson,3/12/2016 0:00,0.25,3182,3182,3182
New Jersey,Hudson,3/21/2016 10:45,0.25,2339,2339,2339
New Jersey,Hudson,3/21/2016 22:15,1,1287,1288,1288
New Jersey,Hudson,3/22/2016 0:30,0.5,4426,4426,4426
New Jersey,Hudson,3/22/2016 5:30,1.75,1770,7805,3466
New Jersey,Hudson,3/22/2016 10:00,0.25,1078,1078,1078
New Jersey,Hudson,4/1/2016 17:00,1.5,924,2691,2171
New Jersey,Hudson,4/3/2016 12:00,1,4981,5006,4995
New Jersey,Hudson,4/3/2016 14:15,2,216,1759,456
New Jersey,Hudson,4/3/2016 17:00,0.25,200,200,200
New Jersey,Hudson,4/5/2016 0:30,0.25,2367,2367,2367
New Jersey,Hudson,4/5/2016 10:00,0.25,3012,3012,3012
New Jersey,Hudson,4/12/2016 2:15,1,1193,1194,1194
New Jersey,Hudson,4/12/2016 15:30,0.5,2777,4361,3569
New Jersey,Hudson,4/16/2016 16:15,1,736,2425,1159
New Jersey,Hudson,4/17/2016 15:45,1,1530,1531,1531
New Jersey,Hudson,4/17/2016 20:15,1,1533,1534,1533
New Jersey,Hudson,4/19/2016 10:15,0.25,3400,3400,3400
New Jersey,Hudson,4/21/2016 22:30,0.25,1385,1385,1385
New Jersey,Hudson,4/22/2016 10:15,1.5,797,5064,2856
New Jersey,Hudson,4/24/2016 0:45,0.25,327,327,327
New Jersey,Hudson,4/25/2016 7:00,0.25,384,384,384
New Jersey,Hudson,4/25/2016 18:15,0.75,1032,1032,1032
New Jersey,Hudson,4/27/2016 1:30,0.75,5030,5031,5031
New Jersey,Hudson,5/2/2016 19:45,0.5,449,449,449
New Jersey,Hudson,5/9/2016 16:30,0.75,1025,1025,1025
New Jersey,Hudson,5/10/2016 1:15,0.25,456,456,456
New Jersey,Hudson,5/14/2016 0:45,0.25,2183,2183,2183
New Jersey,Hudson,5/14/2016 23:45,2,2028,4471,2346
New Jersey,Hudson,5/15/2016 5:15,0.75,1102,1102,1102
New Jersey,Hudson,5/15/2016 6:15,0.75,1102,1102,1102
New Jersey,Hudson,5/22/2016 10:15,2.5,2366,5197,2865
New Jersey,Hudson,5/26/2016 16:00,1,1285,1287,1286
New Jersey,Hudson,5/26/2016 17:30,0.5,1286,1286,1286
New Jersey,Hudson,5/31/2016 11:30,0.5,1385,1385,1385
New Jersey,Hudson,5/31/2016 19:30,0.25,955,955,955
New Jersey,Hudson,6/2/2016 2:00,0.25,1655,1655,1655
New Jersey,Hudson,6/5/2016 11:00,1.5,306,306,306
New Jersey,Hudson,6/6/2016 6:45,0.25,505,505,505
New Jersey,Hudson,6/7/2016 10:15,1.75,237,237,237
New Jersey,Hudson,6/10/2016 3:15,0.25,1811,1811,1811
New Jersey,Hudson,6/10/2016 16:00,1.75,206,807,713
New Jersey,Hudson,6/22/2016 2:00,0.25,750,750,750
New Jersey,Hudson,6/22/2016 3:00,0.75,751,3231,1930
New Jersey,Hudson,6/22/2016 9:45,0.25,656,656,656
New Jersey,Hudson,6/25/2016 0:15,0.5,506,506,506
New Jersey,Hudson,6/28/2016 4:45,1.25,1533,1588,1556
New Jersey,Hudson,7/1/2016 16:00,1,629,3091,1659
New Jersey,Hudson,7/5/2016 14:30,0.25,2975,2975,2975
New Jersey,Hudson,7/18/2016 21:15,1.5,274,314,288
New Jersey,Hudson,7/19/2016 11:30,0.25,769,769,769
New Jersey,Hudson,7/23/2016 4:15,0.25,863,863,863
New Jersey,Hudson,7/24/2016 17:00,1.25,1282,1304,1291
New Jersey,Hudson,7/25/2016 22:00,5.75,296,5649,2529
New Jersey,Hudson,7/26/2016 22:00,0.75,1541,1542,1541
New Jersey,Hudson,7/26/2016 23:00,2,465,1586,838
New Jersey,Hudson,7/31/2016 0:00,0.5,870,870,870
New Jersey,Hudson,8/1/2016 2:00,2.25,2109,4453,2396
New Jersey,Hudson,8/2/2016 3:00,0.75,1104,1105,1105
New Jersey,Hudson,8/2/2016 11:00,0.25,877,877,877
New Jersey,Hudson,8/3/2016 5:30,1.25,1360,1363,1361
New Jersey,Hudson,8/3/2016 7:15,0.5,484,540,512
New Jersey,Hudson,8/3/2016 10:45,0.25,1360,1360,1360
New Jersey,Hudson,8/3/2016 22:15,1,527,563,540
New Jersey,Hudson,8/8/2016 12:00,0.5,1748,1750,1749
New Jersey,Hudson,8/9/2016 4:15,3,381,2161,1929
New Jersey,Hudson,8/10/2016 6:15,0.75,2311,2313,2312
New Jersey,Hudson,8/11/2016 13:00,0.25,217,217,217
New Jersey,Hudson,8/13/2016 21:00,0.75,206,242,224
New Jersey,Hudson,8/13/2016 23:30,1.75,342,510,483
New Jersey,Hudson,8/14/2016 2:30,0.25,333,333,333
New Jersey,Hudson,8/14/2016 5:00,0.25,6189,6189,6189
New Jersey,Hudson,8/14/2016 11:30,1.75,241,244,242
New Jersey,Hudson,8/17/2016 11:15,0.5,712,1220,966
New Jersey,Hudson,8/19/2016 6:45,1.25,1177,1178,1178
New Jersey,Hudson,8/26/2016 17:00,0.25,7538,7538,7538
New Jersey,Hudson,8/30/2016 5:45,0.5,2116,2116,2116
New Jersey,Hudson,9/1/2016 19:00,1,243,2512,1943
New Jersey,Hudson,9/7/2016 23:30,3.25,900,20763,11492
New Jersey,Hudson,9/13/2016 9:30,1.25,343,344,343
New Jersey,Hudson,9/13/2016 11:30,6.25,328,586,538
New Jersey,Hudson,9/13/2016 19:30,0.5,981,1037,1009
New Jersey,Hudson,9/14/2016 4:30,1.5,343,343,343
New Jersey,Hudson,9/15/2016 3:45,0.25,1626,1626,1626
New Jersey,Hudson,9/27/2016 13:15,0.25,921,921,921
New Jersey,Hudson,9/28/2016 23:15,1.25,1382,2190,1725
New Jersey,Hudson,10/2/2016 7:00,0.25,955,955,955
New Jersey,Hudson,10/2/2016 7:30,0.75,955,955,955
New Jersey,Hudson,10/13/2016 20:45,0.25,16122,16122,16122
New Jersey,Hudson,10/15/2016 10:30,0.25,1025,1025,1025
New Jersey,Hudson,10/19/2016 12:15,2.5,205,325,269
New Jersey,Hudson,10/21/2016 12:30,1,1607,4342,3356
New Jersey,Hudson,10/21/2016 15:00,0.5,687,740,714
New Jersey,Hudson,10/27/2016 23:30,1.75,200,236,207
New Jersey,Hudson,11/1/2016 2:15,1.25,5871,10779,8469
New Jersey,Hudson,11/8/2016 14:45,0.75,1814,1815,1814
New Jersey,Hudson,11/11/2016 16:30,2,227,229,228
New Jersey,Hudson,11/12/2016 7:30,0.25,3994,3994,3994
New Jersey,Hudson,11/12/2016 11:30,0.25,706,706,706
New Jersey,Hudson,11/14/2016 7:15,0.25,400,400,400
New Jersey,Hudson,11/18/2016 5:45,1.5,1976,1977,1976
New Jersey,Hudson,11/20/2016 13:45,3.25,359,538,487
New Jersey,Hudson,11/20/2016 20:45,0.75,1042,2092,1732
New Jersey,Hudson,11/26/2016 23:30,0.25,1669,1669,1669
New Jersey,Hudson,11/28/2016 3:00,16.5,1284,2256,1932
New Jersey,Hudson,11/29/2016 20:00,0.5,2232,3431,2832
New Jersey,Hudson,11/30/2016 0:00,1.5,2067,2131,2120
New Jersey,Hudson,11/30/2016 1:45,6.75,305,1447,777
New Jersey,Hudson,12/1/2016 18:15,0.25,1830,1830,1830
New Jersey,Hudson,12/1/2016 23:45,0.5,517,517,517
New Jersey,Hudson,12/6/2016 15:15,1,359,359,359
New Jersey,Hudson,12/6/2016 17:00,8,358,471,387
New Jersey,Hudson,12/7/2016 5:45,0.25,693,693,693
New Jersey,Hudson,12/12/2016 7:30,2.75,312,716,479
New Jersey,Hudson,12/20/2016 15:30,0.25,2357,2357,2357
New Jersey,Hudson,12/21/2016 18:00,2,1426,2933,1721
New Jersey,Hudson,12/21/2016 20:30,0.25,320,320,320
New Jersey,Hudson,1/3/2017 11:30,0.5,746,746,746
New Jersey,Hudson,1/6/2017 1:15,0.5,2347,2348,2348
New Jersey,Hudson,1/10/2017 1:30,0.5,4330,4787,4559
New Jersey,Hudson,1/10/2017 2:30,0.25,3436,3436,3436
New Jersey,Hudson,1/10/2017 12:00,0.25,3650,3650,3650
New Jersey,Hudson,1/17/2017 20:15,0.75,368,1565,1166
New Jersey,Hudson,1/23/2017 18:00,0.25,201,201,201
New Jersey,Hudson,1/24/2017 7:00,0.25,563,563,563
New Jersey,Hudson,1/24/2017 7:30,0.5,224,396,310
New Jersey,Hudson,1/24/2017 10:30,0.25,973,973,973
New Jersey,Hudson,1/24/2017 19:30,1.5,201,223,209
New Jersey,Hudson,1/24/2017 22:15,1,912,1035,978
New Jersey,Hudson,1/25/2017 19:15,0.25,486,486,486
New Jersey,Hudson,2/4/2017 12:15,0.5,327,327,327
New Jersey,Hudson,2/14/2017 22:00,0.75,202,205,204
New Jersey,Hudson,2/19/2017 15:30,1.25,1383,2192,1867
New Jersey,Hudson,2/19/2017 17:30,0.25,1265,1265,1265
New Jersey,Hudson,2/20/2017 15:45,2,1907,3005,2182
New Jersey,Hudson,3/3/2017 21:45,2,706,733,723
New Jersey,Hudson,3/4/2017 6:00,0.25,708,708,708
New Jersey,Hudson,3/4/2017 8:45,0.75,259,259,259
New Jersey,Hudson,3/4/2017 20:15,0.25,379,379,379
New Jersey,Hudson,3/4/2017 23:00,6,437,1216,871
New Jersey,Hudson,3/6/2017 6:45,0.25,563,563,563
New Jersey,Hudson,3/6/2017 14:30,0.25,3147,3147,3147
New Jersey,Hudson,3/7/2017 13:00,0.25,6050,6050,6050
New Jersey,Hudson,3/15/2017 1:00,1.25,705,705,705
New Jersey,Hudson,3/19/2017 0:45,0.25,1669,1669,1669
New Jersey,Hudson,3/20/2017 13:45,2,9094,20094,17602
New Jersey,Hudson,3/21/2017 0:45,0.5,512,513,513
New Jersey,Hudson,3/22/2017 13:30,0.75,994,998,995
New Jersey,Hudson,3/27/2017 13:30,0.5,1914,1914,1914
New Jersey,Hudson,3/29/2017 5:00,4,241,254,242
New Jersey,Hudson,4/3/2017 17:30,0.25,2874,2874,2874
New Jersey,Hudson,4/3/2017 18:00,0.25,2848,2848,2848
New Jersey,Hudson,4/4/2017 15:15,0.25,1869,1869,1869
New Jersey,Hudson,4/4/2017 15:45,0.25,3048,3048,3048
New Jersey,Hudson,4/11/2017 11:45,0.25,2051,2051,2051
New Jersey,Hudson,4/12/2017 6:30,0.5,5024,6675,5850
New Jersey,Hudson,4/15/2017 21:30,1,1167,1168,1167
New Jersey,Hudson,4/16/2017 13:15,0.25,1831,1831,1831
New Jersey,Hudson,4/18/2017 0:15,1.25,329,1011,515
New Jersey,Hudson,4/18/2017 5:15,0.75,603,603,603
New Jersey,Hudson,4/18/2017 7:15,0.25,2303,2303,2303
New Jersey,Hudson,4/21/2017 16:15,0.25,389,389,389
New Jersey,Hudson,4/26/2017 1:00,1,212,1504,1181
New Jersey,Hudson,4/27/2017 1:00,0.5,695,695,695
New Jersey,Hudson,4/29/2017 20:15,1.25,1250,2488,2234
New Jersey,Hudson,5/1/2017 11:15,0.25,2622,2622,2622
New Jersey,Hudson,5/2/2017 1:45,0.5,3984,4020,4002
New Jersey,Hudson,5/4/2017 16:15,0.25,2392,2392,2392
New Jersey,Hudson,5/4/2017 21:45,0.25,1841,1841,1841
New Jersey,Hudson,5/11/2017 14:45,0.5,1859,1859,1859
New Jersey,Hudson,5/11/2017 19:45,0.25,2553,2553,2553
New Jersey,Hudson,5/13/2017 13:30,0.25,4131,4131,4131
New Jersey,Hudson,5/16/2017 13:45,0.25,379,379,379
New Jersey,Hudson,5/16/2017 21:45,0.75,1393,1393,1393
New Jersey,Hudson,5/17/2017 20:00,5.5,815,7102,1395
New Jersey,Hudson,5/18/2017 16:00,0.25,3983,3983,3983
New Jersey,Hudson,5/19/2017 21:15,5.5,779,799,796
New Jersey,Hudson,5/21/2017 2:30,1,1652,1654,1654
New Jersey,Hudson,5/25/2017 13:00,0.25,922,922,922
New Jersey,Hudson,5/25/2017 16:30,3.25,241,3476,1991
New Jersey,Hudson,5/30/2017 14:00,0.25,805,805,805
New Jersey,Hudson,6/3/2017 19:30,1.75,597,807,689
New Jersey,Hudson,6/3/2017 21:45,2.25,279,287,283
New Jersey,Hudson,6/5/2017 1:30,1.75,1739,7966,2629
New Jersey,Hudson,6/7/2017 16:30,0.25,2334,2334,2334
New Jersey,Hudson,6/7/2017 17:00,0.25,5836,5836,5836
New Jersey,Hudson,6/7/2017 20:15,0.25,867,867,867
New Jersey,Hudson,6/7/2017 21:00,0.25,1009,1009,1009
New Jersey,Hudson,6/8/2017 19:15,0.5,850,851,851
New Jersey,Hudson,6/13/2017 0:30,0.25,850,850,850
New Jersey,Hudson,6/13/2017 20:00,0.75,205,2607,1806
New Jersey,Hudson,6/13/2017 21:15,0.25,924,924,924
New Jersey,Hudson,6/13/2017 22:00,0.25,1175,1175,1175
New Jersey,Hudson,6/14/2017 0:00,0.25,1131,1131,1131
New Jersey,Hudson,6/14/2017 11:45,0.25,4062,4062,4062
New Jersey,Hudson,6/14/2017 13:45,0.75,1082,1083,1083
New Jersey,Hudson,6/19/2017 20:45,0.25,4047,4047,4047
New Jersey,Hudson,6/19/2017 21:45,3.5,278,520,417
New Jersey,Hudson,6/21/2017 16:45,1.5,1465,1467,1466
New Jersey,Hudson,6/22/2017 22:15,0.25,417,417,417
New Jersey,Hudson,6/25/2017 11:45,1,241,241,241
New Jersey,Hudson,6/25/2017 14:30,0.5,600,601,601
New Jersey,Hudson,7/2/2017 11:45,0.5,264,264,264
New Jersey,Hudson,7/3/2017 11:15,2.5,215,2399,440
New Jersey,Hudson,7/4/2017 0:30,2,263,1240,629
New Jersey,Hudson,7/4/2017 12:15,0.25,3308,3308,3308
New Jersey,Hudson,7/4/2017 14:45,0.25,1595,1595,1595
New Jersey,Hudson,7/7/2017 11:30,2,323,646,364
New Jersey,Hudson,7/7/2017 15:00,0.25,1049,1049,1049
New Jersey,Hudson,7/9/2017 0:00,1.25,675,675,675
New Jersey,Hudson,7/17/2017 11:00,2.5,238,240,239
New Jersey,Hudson,7/18/2017 6:30,2.75,699,699,699
New Jersey,Hudson,7/20/2017 21:00,0.25,728,728,728
New Jersey,Hudson,7/21/2017 2:00,8.25,233,365,350
New Jersey,Hudson,7/21/2017 11:15,0.5,233,233,233
New Jersey,Hudson,7/21/2017 13:30,0.75,200,201,200
New Jersey,Hudson,7/22/2017 3:45,0.5,322,381,352
New Jersey,Hudson,7/27/2017 18:45,0.25,1010,1010,1010
New Jersey,Hudson,8/6/2017 8:00,0.75,2318,2318,2318
New Jersey,Hudson,8/8/2017 0:30,0.25,486,486,486
New Jersey,Hudson,8/9/2017 12:00,0.25,545,545,545
New Jersey,Hudson,8/9/2017 20:00,0.25,6014,6014,6014
New Jersey,Hudson,8/10/2017 1:15,0.5,201,201,201
New Jersey,Hudson,8/10/2017 20:00,0.25,241,241,241
New Jersey,Hudson,8/10/2017 20:45,0.5,5409,5409,5409
New Jersey,Hudson,8/12/2017 5:30,1,422,844,528
New Jersey,Hudson,8/19/2017 19:00,0.5,223,223,223
New Jersey,Hudson,8/24/2017 3:15,0.25,502,502,502
New Jersey,Hudson,8/24/2017 8:15,1.75,1185,3539,2893
New Jersey,Hudson,8/24/2017 20:45,2.5,310,314,312
New Jersey,Hudson,8/28/2017 0:15,0.25,510,510,510
New Jersey,Hudson,8/29/2017 1:45,1.25,226,248,239
New Jersey,Hudson,8/29/2017 6:00,0.25,1309,1309,1309
New Jersey,Hudson,9/8/2017 22:45,0.5,1389,3924,2657
New Jersey,Hudson,9/9/2017 0:00,0.25,1389,1389,1389
New Jersey,Hudson,9/9/2017 2:15,0.25,236,236,236
New Jersey,Hudson,9/12/2017 21:45,0.5,360,360,360
New Jersey,Hudson,9/13/2017 6:15,0.25,725,725,725
New Jersey,Hudson,9/14/2017 0:30,0.5,966,966,966
New Jersey,Hudson,9/15/2017 2:30,1.75,287,2392,1656
New Jersey,Hudson,9/15/2017 12:30,0.25,727,727,727
New Jersey,Hudson,9/17/2017 17:30,1.75,1201,1202,1202
New Jersey,Hudson,9/25/2017 11:30,0.25,1123,1123,1123
New Jersey,Hudson,9/27/2017 1:15,1.5,775,823,815
New Jersey,Hudson,9/27/2017 3:00,0.5,1545,1545,1545
New Jersey,Hudson,9/28/2017 15:15,0.5,1369,1369,1369
New Jersey,Hudson,10/8/2017 17:45,0.5,2396,2396,2396
New Jersey,Hudson,10/11/2017 18:45,1.25,232,364,335
New Jersey,Hudson,10/11/2017 21:00,0.5,1073,2299,1686
New Jersey,Hudson,10/12/2017 5:00,1.25,3023,3025,3024
New Jersey,Hudson,10/12/2017 16:15,0.75,203,203,203
New Jersey,Hudson,10/16/2017 22:30,0.25,1318,1318,1318
New Jersey,Hudson,10/18/2017 5:00,2.75,5614,9816,9434
New Jersey,Hudson,10/18/2017 14:00,0.75,715,716,716
New Jersey,Hudson,10/22/2017 11:30,4.5,203,326,310
New Jersey,Hudson,10/24/2017 12:00,0.5,1952,1953,1953
New Jersey,Hudson,10/24/2017 17:00,0.5,2575,2575,2575
New Jersey,Hudson,11/2/2017 1:15,0.5,2463,2463,2463
New Jersey,Hudson,11/6/2017 7:00,0.25,512,512,512
New Jersey,Hudson,11/6/2017 9:15,1.5,512,512,512
New Jersey,Hudson,11/8/2017 15:45,0.5,3229,3229,3229
New Jersey,Hudson,11/9/2017 6:30,0.25,4051,4051,4051
New Jersey,Hudson,11/10/2017 20:45,0.25,541,541,541
New Jersey,Hudson,11/14/2017 23:00,0.25,1477,1477,1477
New Jersey,Hudson,11/17/2017 10:30,0.5,355,355,355
New Jersey,Hudson,11/19/2017 13:15,1.25,630,883,681
New Jersey,Hudson,11/20/2017 3:30,0.25,5419,5419,5419
New Jersey,Hudson,11/24/2017 13:30,2.75,206,208,206
New Jersey,Hudson,12/6/2017 6:15,1,1004,1018,1011
New Jersey,Hudson,12/7/2017 2:00,0.25,369,369,369
New Jersey,Hudson,12/8/2017 7:30,0.5,608,608,608
New Jersey,Hudson,12/11/2017 7:45,0.25,15727,15727,15727
New Jersey,Hudson,12/12/2017 15:15,1,1684,1686,1685
New Jersey,Hudson,12/16/2017 7:00,0.25,1280,1280,1280
New Jersey,Hudson,12/16/2017 10:45,0.25,1277,1277,1277
New Jersey,Hudson,12/19/2017 15:00,0.75,205,205,205
New Jersey,Hudson,12/21/2017 14:15,0.25,726,726,726
New Jersey,Hudson,12/23/2017 12:00,0.25,2062,2062,2062
New Jersey,Hudson,12/24/2017 1:45,0.75,637,637,637
New Jersey,Hudson,1/5/2018 4:45,0.25,1315,1315,1315
New Jersey,Hudson,1/7/2018 0:30,1.75,1000,1062,1041
New Jersey,Hudson,1/8/2018 19:15,1.5,2637,2648,2644
New Jersey,Hudson,1/9/2018 15:30,1.25,1307,2180,1482
New Jersey,Hudson,1/10/2018 3:30,1,515,11344,6892
New Jersey,Hudson,1/11/2018 8:15,0.25,2598,2598,2598
New Jersey,Hudson,1/11/2018 18:45,0.25,516,516,516
New Jersey,Hudson,1/12/2018 12:45,3,971,1934,1241
New Jersey,Hudson,1/12/2018 16:30,2.5,207,207,207
New Jersey,Hudson,1/12/2018 19:30,0.75,207,207,207
New Jersey,Hudson,1/13/2018 2:45,0.25,2494,2494,2494
New Jersey,Hudson,1/14/2018 15:15,0.5,4367,4367,4367
New Jersey,Hudson,1/15/2018 13:30,1.25,1938,2025,1968
New Jersey,Hudson,1/17/2018 15:30,0.5,3175,3458,3317
New Jersey,Hudson,1/17/2018 16:30,4,277,2330,1247
New Jersey,Hudson,1/17/2018 20:30,0.25,962,962,962
New Jersey,Hudson,1/17/2018 20:45,0.5,964,1218,1091
New Jersey,Hudson,1/17/2018 21:15,0.25,1218,1218,1218
New Jersey,Hudson,1/17/2018 21:30,0.75,1218,1218,1218
New Jersey,Hudson,1/18/2018 7:30,0.25,2388,2388,2388
New Jersey,Hudson,1/22/2018 22:15,0.25,1192,1192,1192
New Jersey,Hudson,1/25/2018 1:15,0.25,428,428,428
New Jersey,Hudson,1/27/2018 15:00,0.25,3225,3225,3225
New Jersey,Hudson,1/31/2018 23:45,0.25,515,515,515
New Jersey,Hudson,2/2/2018 4:30,4,768,2706,1069
New Jersey,Hudson,2/12/2018 1:15,0.75,968,968,968
New Jersey,Hudson,2/13/2018 12:30,0.25,1847,1847,1847
New Jersey,Hudson,2/18/2018 3:45,2,2958,5948,4091
New Jersey,Hudson,2/18/2018 6:00,0.5,6190,6233,6212
New Jersey,Hudson,2/20/2018 14:30,0.25,579,579,579
New Jersey,Hudson,2/21/2018 22:15,1.75,202,290,277
New Jersey,Hudson,2/22/2018 0:15,0.25,348,348,348
New Jersey,Hudson,2/22/2018 4:30,0.75,994,994,994
New Jersey,Hudson,2/25/2018 14:30,0.5,1254,1254,1254
New Jersey,Hudson,2/28/2018 3:30,0.5,470,470,470
New Jersey,Hudson,3/2/2018 20:00,0.5,1061,1078,1070
New Jersey,Hudson,3/5/2018 3:15,1.75,1835,1839,1838
New Jersey,Hudson,3/5/2018 5:15,3.75,219,219,219
New Jersey,Hudson,3/8/2018 0:00,2.75,371,494,399
New Jersey,Hudson,3/8/2018 3:00,18.25,200,379,267
New Jersey,Hudson,3/13/2018 11:15,1.25,208,208,208
New Jersey,Hudson,3/18/2018 4:15,2.5,9108,18491,17118
New Jersey,Hudson,3/19/2018 15:30,0.25,12493,12493,12493
New Jersey,Hudson,3/22/2018 14:45,1.5,4506,4511,4509
New Jersey,Hudson,3/29/2018 13:45,1.75,242,244,243
New Jersey,Hudson,4/3/2018 7:45,1,649,649,649
New Jersey,Hudson,4/11/2018 17:45,0.75,201,202,202
New Jersey,Hudson,4/13/2018 3:30,0.25,2718,2718,2718
New Jersey,Hudson,4/13/2018 12:00,0.25,4085,4085,4085
New Jersey,Hudson,4/18/2018 6:00,4.75,335,338,336
New Jersey,Hudson,4/26/2018 5:15,4.5,212,1741,807
New Jersey,Hudson,4/28/2018 13:30,0.25,2752,2752,2752
New Jersey,Hudson,5/1/2018 21:15,0.5,5624,5624,5624
New Jersey,Hudson,5/3/2018 2:00,1,1424,1472,1449
New Jersey,Hudson,5/4/2018 0:45,0.25,1360,1360,1360
New Jersey,Hudson,5/9/2018 5:45,0.5,3777,4007,3892
New Jersey,Hudson,5/13/2018 20:15,1,1379,1380,1380
New Jersey,Hudson,5/15/2018 22:00,8,212,1490,848
New Jersey,Hudson,5/16/2018 16:15,5.75,223,1724,579
New Jersey,Hudson,5/19/2018 16:15,0.25,2649,2649,2649
New Jersey,Hudson,5/19/2018 18:45,2.5,601,1039,951
New Jersey,Hudson,5/20/2018 12:45,0.25,1381,1381,1381
New Jersey,Hudson,5/20/2018 14:00,0.25,1343,1343,1343
New Jersey,Hudson,5/24/2018 15:45,0.25,840,840,840
New Jersey,Hudson,5/28/2018 20:15,1.25,335,348,344
New Jersey,Hudson,5/31/2018 11:15,0.25,649,649,649
New Jersey,Hudson,6/1/2018 0:15,0.25,1774,1774,1774
New Jersey,Hudson,6/6/2018 13:30,0.25,3358,3358,3358
New Jersey,Hudson,6/7/2018 13:45,0.25,612,612,612
New Jersey,Hudson,6/9/2018 10:15,2.25,205,205,205
New Jersey,Hudson,6/10/2018 12:00,1.25,320,417,382
New Jersey,Hudson,6/11/2018 13:30,2,299,366,345
New Jersey,Hudson,6/13/2018 20:00,2.5,2159,2161,2160
New Jersey,Hudson,6/19/2018 6:00,1,284,288,286
New Jersey,Hudson,6/19/2018 7:30,1,5388,5448,5404
New Jersey,Hudson,6/19/2018 9:30,0.25,3353,3353,3353
New Jersey,Hudson,6/25/2018 21:30,1,1660,4877,3297
New Jersey,Hudson,6/26/2018 1:15,1.5,1029,1035,1032
New Jersey,Hudson,6/26/2018 10:15,0.25,1031,1031,1031
New Jersey,Hudson,6/26/2018 14:45,0.5,1676,1677,1677
New Jersey,Hudson,6/27/2018 1:30,2.5,239,242,240
New Jersey,Hudson,6/28/2018 23:45,0.25,1541,1541,1541
New Jersey,Hudson,7/2/2018 3:00,1,3973,3992,3982
New Jersey,Hudson,7/4/2018 0:15,3,317,1075,394
New Jersey,Hudson,7/7/2018 15:45,2.25,547,548,548
New Jersey,Hudson,7/8/2018 16:45,0.25,646,646,646
New Jersey,Hudson,7/10/2018 19:30,0.25,2999,2999,2999
New Jersey,Hudson,7/15/2018 17:00,0.5,388,388,388
New Jersey,Hudson,7/16/2018 2:15,0.25,3942,3942,3942
New Jersey,Hudson,7/17/2018 16:30,0.5,537,537,537
New Jersey,Hudson,7/17/2018 23:00,0.75,637,638,638
New Jersey,Hudson,7/19/2018 1:45,1.5,2157,2213,2197
New Jersey,Hudson,7/22/2018 10:15,0.25,1337,1337,1337
New Jersey,Hudson,7/23/2018 21:45,0.5,443,468,456
New Jersey,Hudson,7/29/2018 0:30,0.75,1222,2667,2179
New Jersey,Hudson,7/30/2018 7:45,0.75,10411,10411,10411
New Jersey,Hudson,8/5/2018 23:15,0.25,215,215,215
New Jersey,Hudson,8/6/2018 0:30,0.25,212,212,212
New Jersey,Hudson,8/9/2018 7:45,0.75,264,282,270
New Jersey,Hudson,8/11/2018 10:30,2.25,1481,1578,1510
New Jersey,Hudson,8/20/2018 4:45,0.25,1543,1543,1543
New Jersey,Hudson,8/24/2018 14:15,1,970,2825,2356
New Jersey,Hudson,8/29/2018 11:15,2,466,494,475
New Jersey,Hudson,8/30/2018 1:45,1,1571,1576,1574
New Jersey,Hudson,8/31/2018 1:15,0.25,1263,1263,1263
New Jersey,Hudson,9/5/2018 5:30,0.5,1683,1683,1683
New Jersey,Hudson,9/9/2018 15:00,1,332,333,333
New Jersey,Hudson,9/10/2018 2:30,0.25,699,699,699
New Jersey,Hudson,9/12/2018 14:30,0.25,968,968,968
New Jersey,Hudson,9/18/2018 17:15,0.75,204,205,204
New Jersey,Hudson,9/25/2018 20:45,1.25,364,375,369
New Jersey,Hudson,10/1/2018 12:00,1.25,340,1834,639
New Jersey,Hudson,10/3/2018 13:15,0.25,276,276,276
New Jersey,Hudson,10/4/2018 0:30,0.25,217,217,217
New Jersey,Hudson,10/11/2018 14:15,0.5,298,2004,1151
New Jersey,Hudson,10/12/2018 12:45,0.5,1055,1939,1497
New Jersey,Hudson,10/14/2018 12:45,0.25,578,578,578
New Jersey,Hudson,10/16/2018 11:30,0.25,578,578,578
New Jersey,Hudson,10/16/2018 16:45,0.75,2014,2014,2014
New Jersey,Hudson,10/21/2018 21:45,2.5,237,1042,749
New Jersey,Hudson,10/22/2018 14:45,1.25,1473,1482,1477
New Jersey,Hudson,10/22/2018 16:45,0.5,1475,1475,1475
New Jersey,Hudson,10/23/2018 6:30,0.5,219,219,219
New Jersey,Hudson,10/26/2018 6:30,1.25,1660,1660,1660
New Jersey,Hudson,10/27/2018 14:30,2,619,669,632
New Jersey,Hudson,10/27/2018 22:45,3.25,694,694,694
New Jersey,Hudson,11/2/2018 5:45,0.75,388,389,388
New Jersey,Hudson,11/2/2018 18:15,0.5,10362,10385,10374
New Jersey,Hudson,11/3/2018 0:45,0.25,388,388,388
New Jersey,Hudson,11/3/2018 3:45,0.5,613,617,615
New Jersey,Hudson,11/6/2018 13:15,0.25,4616,4616,4616
New Jersey,Hudson,11/9/2018 18:00,1.75,416,418,417
New Jersey,Hudson,11/13/2018 4:30,0.5,1432,1435,1434
New Jersey,Hudson,11/15/2018 21:45,5,1484,1586,1537
New Jersey,Hudson,11/16/2018 16:15,1,432,436,434
New Jersey,Hudson,11/17/2018 17:00,0.5,860,860,860
New Jersey,Hudson,11/20/2018 17:30,1.5,332,334,333
New Jersey,Hudson,11/22/2018 7:45,2,547,621,557
New Jersey,Hudson,11/22/2018 11:15,0.25,308,308,308
New Jersey,Hudson,11/23/2018 12:00,0.5,382,383,383
New Jersey,Hudson,12/2/2018 20:30,7.5,212,5002,1176
New Jersey,Hudson,12/3/2018 17:15,1.5,2017,24968,18675
New Jersey,Hudson,12/13/2018 5:30,0.25,2033,2033,2033
New Jersey,Hudson,12/15/2018 21:45,1,630,630,630
New Jersey,Hudson,12/15/2018 23:30,0.25,630,630,630
New Jersey,Hudson,12/17/2018 18:30,0.25,732,732,732
New Jersey,Hudson,12/20/2018 1:30,0.25,2399,2399,2399
New Jersey,Hudson,12/20/2018 2:15,0.25,819,819,819
New Jersey,Hudson,12/20/2018 14:30,1.5,2916,10227,8669
New Jersey,Hudson,12/21/2018 10:15,5,3211,8012,4535
New Jersey,Hudson,12/21/2018 16:15,2.25,1147,7626,4141
New Jersey,Hudson,12/25/2018 14:45,0.25,980,980,980
New Jersey,Hudson,12/29/2018 7:15,0.5,1102,1102,1102
New Jersey,Hudson,12/29/2018 21:00,0.5,1251,1254,1253
New Jersey,Hudson,1/1/2019 11:15,1.25,242,4217,2083
New Jersey,Hudson,1/7/2019 3:00,0.75,852,855,854
New Jersey,Hudson,1/12/2019 7:30,0.75,245,245,245
New Jersey,Hudson,1/20/2019 19:30,2.25,209,211,210
New Jersey,Hudson,1/25/2019 21:45,0.75,830,4509,3282
New Jersey,Hudson,1/26/2019 16:00,0.5,770,770,770
New Jersey,Hudson,1/28/2019 16:45,0.25,225,225,225
New Jersey,Hudson,1/29/2019 16:45,1,218,221,220
New Jersey,Hudson,1/29/2019 19:00,0.25,786,786,786
New Jersey,Hudson,1/30/2019 15:45,1.75,1223,1227,1224
New Jersey,Hudson,1/30/2019 21:15,0.75,3080,3081,3080
New Jersey,Hudson,2/2/2019 17:45,0.25,1470,1470,1470
New Jersey,Hudson,2/2/2019 18:45,5.5,233,1188,349
New Jersey,Hudson,2/4/2019 20:00,0.25,6779,6779,6779
New Jersey,Hudson,2/7/2019 1:15,1.5,366,495,452
New Jersey,Hudson,2/7/2019 4:15,0.25,1386,1386,1386
New Jersey,Hudson,2/10/2019 11:30,2,458,458,458
New Jersey,Hudson,2/18/2019 5:00,0.25,2440,2440,2440
New Jersey,Hudson,2/19/2019 20:45,0.25,942,942,942
New Jersey,Hudson,2/21/2019 18:45,2.25,226,404,360
New Jersey,Hudson,2/21/2019 23:45,1.75,577,633,617
New Jersey,Hudson,2/25/2019 15:30,0.5,206,206,206
New Jersey,Hudson,2/27/2019 22:00,0.25,726,726,726
New Jersey,Hudson,3/1/2019 9:00,0.75,387,387,387
New Jersey,Hudson,3/3/2019 23:45,1.5,1435,1461,1448
New Jersey,Hudson,3/4/2019 1:30,1,1446,1472,1456
New Jersey,Hudson,3/4/2019 5:15,0.5,4900,4902,4901
New Jersey,Hudson,3/4/2019 11:00,0.25,211,211,211
New Jersey,Hudson,3/4/2019 12:00,0.25,264,264,264
New Jersey,Hudson,3/4/2019 12:30,4,262,265,264
New Jersey,Hudson,3/5/2019 22:00,0.25,381,381,381
New Jersey,Hudson,3/7/2019 1:15,0.75,316,316,316
New Jersey,Hudson,3/7/2019 17:30,1.75,317,317,317
New Jersey,Hudson,3/10/2019 11:30,0.25,817,817,817
New Jersey,Hudson,3/10/2019 17:30,1,223,264,235
New Jersey,Hudson,3/11/2019 2:15,0.25,373,373,373
New Jersey,Hudson,3/13/2019 8:30,1.5,1951,2007,1979
New Jersey,Hudson,3/14/2019 16:45,0.5,284,284,284
New Jersey,Hudson,3/16/2019 1:45,1.25,1443,1479,1462
New Jersey,Hudson,3/21/2019 0:15,0.25,778,778,778
New Jersey,Hudson,3/23/2019 19:30,1,272,1309,1050
New Jersey,Hudson,3/26/2019 20:45,0.25,499,499,499
New Jersey,Hudson,3/28/2019 7:45,0.25,630,630,630
New Jersey,Hudson,3/30/2019 0:30,0.75,810,811,811
New Jersey,Hudson,3/30/2019 1:30,0.25,2660,2660,2660
New Jersey,Hudson,4/1/2019 16:00,0.75,906,911,909
New Jersey,Hudson,4/2/2019 5:00,2,2196,2196,2196
New Jersey,Hudson,4/5/2019 12:45,1,3706,5034,4045
New Jersey,Hudson,4/6/2019 6:30,0.5,2652,2652,2652
New Jersey,Hudson,4/6/2019 12:30,1.5,316,319,318
New Jersey,Hudson,4/8/2019 12:00,0.25,877,877,877
New Jersey,Hudson,4/10/2019 4:45,1.75,312,646,554
New Jersey,Hudson,4/10/2019 18:15,0.5,3049,4962,4006
New Jersey,Hudson,4/10/2019 19:15,0.25,1599,1599,1599
New Jersey,Hudson,4/11/2019 11:15,0.5,680,680,680
New Jersey,Hudson,4/13/2019 5:15,0.5,815,815,815
New Jersey,Hudson,4/13/2019 21:45,1,297,297,297
New Jersey,Hudson,4/16/2019 22:30,0.75,2164,2164,2164
New Jersey,Hudson,4/18/2019 21:30,2,1093,1128,1121
New Jersey,Hudson,4/20/2019 13:30,0.25,720,720,720
New Jersey,Hudson,4/23/2019 0:30,0.75,808,809,808
New Jersey,Hudson,4/26/2019 7:45,1,1747,1760,1752
New Jersey,Hudson,4/29/2019 13:15,1.25,921,2203,1177
New Jersey,Hudson,4/30/2019 10:00,1,210,6245,3107
New Jersey,Hudson,4/30/2019 11:30,0.5,877,4706,2792
New Jersey,Hudson,5/3/2019 3:30,1.25,3214,3214,3214
New Jersey,Hudson,5/6/2019 14:45,1,262,272,267
New Jersey,Hudson,5/8/2019 15:15,0.25,735,735,735
New Jersey,Hudson,5/12/2019 13:00,2.25,887,3266,2208
New Jersey,Hudson,5/12/2019 17:45,1.75,840,2089,1221
New Jersey,Hudson,5/13/2019 23:45,1,723,723,723
New Jersey,Hudson,5/14/2019 1:00,0.5,2485,2487,2486
New Jersey,Hudson,5/16/2019 20:45,1.5,339,340,340
New Jersey,Hudson,5/25/2019 23:00,1.75,405,405,405
New Jersey,Hudson,5/29/2019 18:45,0.5,1153,1153,1153
New Jersey,Hudson,6/2/2019 23:15,0.5,3028,3028,3028
New Jersey,Hudson,6/10/2019 10:30,1.75,339,365,358
New Jersey,Hudson,6/11/2019 9:45,0.75,877,895,883
New Jersey,Hudson,6/13/2019 4:45,0.75,554,605,588
New Jersey,Hudson,6/13/2019 12:15,1.25,718,718,718
New Jersey,Hudson,6/13/2019 13:45,0.25,722,722,722
New Jersey,Hudson,6/13/2019 14:15,0.25,647,647,647
New Jersey,Hudson,6/14/2019 15:45,0.25,278,278,278
New Jersey,Hudson,6/14/2019 17:30,0.25,646,646,646
New Jersey,Hudson,6/16/2019 20:15,0.25,409,409,409
New Jersey,Hudson,6/21/2019 13:15,0.75,1313,1316,1315
New Jersey,Hudson,6/26/2019 22:30,1.25,1108,1142,1135
New Jersey,Hudson,7/7/2019 21:15,0.25,942,942,942
New Jersey,Hudson,7/10/2019 11:30,1,1600,1717,1668
New Jersey,Hudson,7/10/2019 16:45,0.25,2449,2449,2449
New Jersey,Hudson,7/11/2019 20:15,6.75,827,1292,880
New Jersey,Hudson,7/12/2019 14:45,1.5,342,343,342
New Jersey,Hudson,7/14/2019 7:30,1.75,1003,1029,1015
New Jersey,Hudson,7/16/2019 15:45,0.25,1478,1478,1478
New Jersey,Hudson,7/16/2019 21:00,1,251,254,252
New Jersey,Hudson,7/18/2019 0:45,0.25,1699,1699,1699
New Jersey,Hudson,7/18/2019 13:15,0.75,547,607,568
New Jersey,Hudson,7/18/2019 14:15,1,266,267,267
New Jersey,Hudson,7/20/2019 22:00,2.25,391,7855,3085
New Jersey,Hudson,7/21/2019 0:45,0.25,308,308,308
New Jersey,Hudson,7/21/2019 1:15,0.75,200,200,200
New Jersey,Hudson,7/21/2019 3:30,0.25,200,200,200
New Jersey,Hudson,7/21/2019 20:30,0.25,1616,1616,1616
New Jersey,Hudson,7/21/2019 21:00,1.25,1651,1828,1722
New Jersey,Hudson,7/21/2019 23:30,2,216,499,373
New Jersey,Hudson,7/22/2019 2:30,3.5,273,2115,1166
New Jersey,Hudson,7/22/2019 6:15,3.25,229,1368,740
New Jersey,Hudson,7/22/2019 17:45,1.75,950,984,961
New Jersey,Hudson,7/22/2019 23:45,0.25,903,903,903
New Jersey,Hudson,7/25/2019 18:15,2,204,205,204
New Jersey,Hudson,7/26/2019 1:30,0.5,3127,4901,4014
New Jersey,Hudson,7/27/2019 7:30,0.5,387,387,387
New Jersey,Hudson,7/29/2019 2:30,0.5,1718,1718,1718
New Jersey,Hudson,7/31/2019 18:45,2,741,9542,2616
New Jersey,Hudson,7/31/2019 21:45,0.25,849,849,849
New Jersey,Hudson,8/2/2019 11:15,1.75,221,271,264
New Jersey,Hudson,8/7/2019 18:45,4,2382,5320,2794
New Jersey,Hudson,8/9/2019 17:45,1,696,3852,2125
New Jersey,Hudson,8/9/2019 19:45,0.5,975,3825,2400
New Jersey,Hudson,8/16/2019 21:30,0.25,1445,1445,1445
New Jersey,Hudson,8/17/2019 19:30,1.25,945,945,945
New Jersey,Hudson,8/18/2019 22:00,3,2617,3743,3452
New Jersey,Hudson,8/19/2019 1:15,0.25,2680,2680,2680
New Jersey,Hudson,8/19/2019 2:00,0.75,2242,2248,2245
New Jersey,Hudson,8/19/2019 4:00,0.25,981,981,981
New Jersey,Hudson,8/19/2019 22:30,1.75,536,2405,1604
New Jersey,Hudson,8/20/2019 20:45,0.25,2663,2663,2663
New Jersey,Hudson,8/25/2019 21:15,0.25,943,943,943
New Jersey,Hudson,8/26/2019 18:00,0.25,944,944,944
New Jersey,Hudson,9/10/2019 17:45,0.75,1273,1275,1274
New Jersey,Hudson,9/16/2019 0:15,0.25,1656,1656,1656
New Jersey,Hudson,9/16/2019 5:45,0.25,22176,22176,22176
New Jersey,Hudson,9/17/2019 1:30,0.25,892,892,892
New Jersey,Hudson,10/2/2019 18:00,0.75,338,6128,3183
New Jersey,Hudson,10/2/2019 20:15,0.5,235,236,236
New Jersey,Hudson,10/3/2019 8:00,3.25,213,1837,1191
New Jersey,Hudson,10/6/2019 7:45,0.5,3050,3286,3168
New Jersey,Hudson,10/7/2019 2:30,0.5,338,338,338
New Jersey,Hudson,10/8/2019 7:00,0.5,2173,2173,2173
New Jersey,Hudson,10/8/2019 15:15,0.5,4233,8458,6346
New Jersey,Hudson,10/11/2019 17:45,0.5,1002,1070,1036
New Jersey,Hudson,10/11/2019 18:45,0.25,1106,1106,1106
New Jersey,Hudson,10/12/2019 2:15,0.25,1411,1411,1411
New Jersey,Hudson,10/13/2019 14:00,0.25,2319,2319,2319
New Jersey,Hudson,10/24/2019 15:15,1.75,345,346,346
New Jersey,Hudson,10/28/2019 21:45,0.75,288,1646,1088
New Jersey,Hudson,11/5/2019 22:30,2,277,309,302
New Jersey,Hudson,11/14/2019 1:15,1.25,351,611,464
New Jersey,Hudson,11/14/2019 17:30,0.75,2489,2490,2490
New Jersey,Hudson,11/17/2019 13:00,1.25,605,976,818
New Jersey,Hudson,11/17/2019 22:45,0.75,2318,4635,3862
New Jersey,Hudson,11/19/2019 3:00,0.5,1019,1021,1020
New Jersey,Hudson,11/20/2019 3:00,4,310,4792,2129
New Jersey,Hudson,11/25/2019 20:00,1,1605,1607,1606
New Jersey,Hudson,11/26/2019 7:45,0.25,1026,1026,1026
New Jersey,Hudson,11/30/2019 15:15,2,765,1245,1158
New Jersey,Hudson,12/2/2019 18:15,0.25,462,462,462
New Jersey,Hudson,12/2/2019 22:30,0.5,525,528,527
New Jersey,Hudson,12/3/2019 23:00,1.75,247,985,856
New Jersey,Hudson,12/8/2019 4:00,0.25,224,224,224
New Jersey,Hudson,12/9/2019 5:30,0.25,205,205,205
New Jersey,Hudson,12/9/2019 6:15,0.75,1466,1492,1475
New Jersey,Hudson,12/11/2019 7:00,3.75,331,575,526
New Jersey,Hudson,12/18/2019 17:30,0.5,2382,2382,2382
New Jersey,Hudson,12/23/2019 10:15,0.25,340,340,340
New Jersey,Hudson,12/27/2019 8:15,1.25,539,539,539
New Jersey,Hudson,12/30/2019 0:30,1.25,1528,2894,1802
New Jersey,Hudson,1/1/2020 16:00,0.25,986,986,986
New Jersey,Hudson,1/5/2020 22:15,0.75,1831,1833,1832
New Jersey,Hudson,1/7/2020 3:15,0.5,339,339,339
New Jersey,Hudson,1/12/2020 13:30,1.25,200,237,222
New Jersey,Hudson,1/12/2020 17:15,1.25,1581,1598,1588
New Jersey,Hudson,1/14/2020 22:30,0.25,637,637,637
New Jersey,Hudson,1/15/2020 14:15,1.5,341,341,341
New Jersey,Hudson,1/25/2020 8:30,2.75,835,1704,995
New Jersey,Hudson,1/25/2020 22:00,4,378,3276,2635
New Jersey,Hudson,1/26/2020 8:15,1,2656,2656,2656
New Jersey,Hudson,1/27/2020 7:45,2.5,1177,2392,1423
New Jersey,Hudson,1/27/2020 12:15,0.25,2899,2899,2899
New Jersey,Hudson,1/28/2020 7:00,0.25,1177,1177,1177
New Jersey,Hudson,2/12/2020 7:15,0.25,1731,1731,1731
New Jersey,Hudson,2/19/2020 6:15,0.25,1079,1079,1079
New Jersey,Hudson,2/20/2020 10:30,0.25,999,999,999
New Jersey,Hudson,2/22/2020 2:45,0.25,247,247,247
New Jersey,Hudson,2/25/2020 17:30,1,406,1317,868
New Jersey,Hudson,3/3/2020 7:30,0.25,9135,9135,9135
New Jersey,Hudson,3/9/2020 6:00,0.25,11233,11233,11233
New Jersey,Hudson,3/12/2020 15:00,0.5,2688,2780,2734
New Jersey,Hudson,3/18/2020 14:00,0.25,303,303,303
New Jersey,Hudson,3/19/2020 10:15,0.25,520,520,520
New Jersey,Hudson,3/22/2020 13:15,0.25,1031,1031,1031
New Jersey,Hudson,3/30/2020 21:45,0.25,522,522,522
New Jersey,Hudson,4/3/2020 18:15,1.5,874,877,876
New Jersey,Hudson,4/9/2020 20:15,0.25,991,991,991
New Jersey,Hudson,4/10/2020 2:30,2.5,219,219,219
New Jersey,Hudson,4/13/2020 14:30,1.75,2449,2544,2488
New Jersey,Hudson,4/13/2020 16:45,2.5,442,2036,1257
New Jersey,Hudson,4/13/2020 19:30,0.75,591,1498,894
New Jersey,Hudson,6/8/2020 15:15,1,912,2432,1293
New Jersey,Hudson,6/11/2020 15:45,1.5,1018,1090,1078
New Jersey,Hudson,6/13/2020 0:15,0.25,525,525,525
New Jersey,Hudson,6/13/2020 0:45,0.75,283,297,288
New Jersey,Hudson,6/13/2020 11:15,1.75,260,353,300
New Jersey,Hudson,6/14/2020 20:00,1,1614,1616,1616
New Jersey,Hudson,6/18/2020 2:00,0.25,473,473,473
New Jersey,Hudson,6/18/2020 21:00,2,2530,24153,13704
New Jersey,Hudson,6/23/2020 9:30,2.75,944,2241,1591
New Jersey,Hudson,6/23/2020 13:00,1.5,220,611,419
New Jersey,Hudson,6/23/2020 15:15,0.25,646,646,646
New Jersey,Hudson,6/27/2020 20:15,0.25,1913,1913,1913
New Jersey,Hudson,6/28/2020 10:30,1.75,300,322,304
New Jersey,Hudson,6/29/2020 22:45,0.25,1239,1239,1239
New Jersey,Hudson,7/1/2020 17:00,4,426,1606,507
New Jersey,Hudson,7/6/2020 4:00,0.25,947,947,947
New Jersey,Hudson,7/7/2020 10:15,0.5,2346,2346,2346
New Jersey,Hudson,7/10/2020 20:00,2.5,605,1177,814
New Jersey,Hudson,7/11/2020 0:30,2.25,858,6453,1506
New Jersey,Hudson,7/11/2020 12:45,0.25,5594,5594,5594
New Jersey,Hudson,7/14/2020 1:00,0.25,1051,1051,1051
New Jersey,Hudson,7/15/2020 23:15,0.25,369,369,369
New Jersey,Hudson,7/19/2020 5:30,1.25,2351,2353,2352
New Jersey,Hudson,7/19/2020 21:45,2.5,215,215,215
New Jersey,Hudson,7/20/2020 10:00,0.25,6563,6563,6563
New Jersey,Hudson,7/20/2020 13:15,0.5,2347,2348,2348
New Jersey,Hudson,7/20/2020 14:00,0.25,1599,1599,1599
New Jersey,Hudson,7/20/2020 18:45,0.25,6569,6569,6569
New Jersey,Hudson,7/20/2020 20:15,1.25,1321,1477,1387
New Jersey,Hudson,7/20/2020 22:30,0.5,361,367,364
New Jersey,Hudson,7/21/2020 1:00,0.5,227,228,228
New Jersey,Hudson,7/21/2020 21:45,0.75,710,712,711
New Jersey,Hudson,7/22/2020 3:00,2,1026,1069,1050
New Jersey,Hudson,7/22/2020 23:15,4,1220,9600,2741
New Jersey,Hudson,7/26/2020 8:00,0.25,532,532,532
New Jersey,Hudson,7/26/2020 22:30,0.75,563,581,570
New Jersey,Hudson,7/26/2020 23:30,0.25,313,313,313
New Jersey,Hudson,7/27/2020 0:15,0.5,261,287,274
New Jersey,Hudson,7/27/2020 11:00,0.25,503,503,503
New Jersey,Hudson,7/28/2020 1:15,3,200,6797,2774
New Jersey,Hudson,7/31/2020 6:30,1.25,206,397,245
New Jersey,Hudson,8/4/2020 17:00,116.75,232,34050,7468
New Jersey,Hudson,8/10/2020 20:00,0.75,320,321,321
New Jersey,Hudson,8/11/2020 6:45,0.25,1409,1409,1409
New Jersey,Hudson,8/11/2020 8:00,0.5,2097,2097,2097
New Jersey,Hudson,8/14/2020 17:30,1.25,901,903,902
New Jersey,Hudson,8/15/2020 4:15,0.25,1379,1379,1379
New Jersey,Hudson,8/21/2020 0:45,0.25,782,782,782
New Jersey,Hudson,8/27/2020 21:30,0.5,1822,1822,1822
New Jersey,Hudson,8/31/2020 2:30,0.25,3265,3265,3265
New Jersey,Hudson,9/6/2020 15:45,0.25,2064,2064,2064
New Jersey,Hudson,9/9/2020 13:45,0.25,778,778,778
New Jersey,Hudson,9/10/2020 9:45,1,1004,1027,1021
New Jersey,Hudson,9/12/2020 9:15,0.25,3678,3678,3678
New Jersey,Hudson,9/14/2020 15:15,0.25,10226,10226,10226
New Jersey,Hudson,9/20/2020 13:15,0.5,241,241,241
New Jersey,Hudson,9/24/2020 11:15,1.75,211,890,405
New Jersey,Hudson,9/29/2020 14:15,1.5,534,535,535
New Jersey,Hudson,9/29/2020 16:15,0.25,234,234,234
New Jersey,Hudson,10/5/2020 17:30,1,239,240,240
New Jersey,Hudson,10/6/2020 18:30,16,437,724,483
New Jersey,Hudson,10/13/2020 11:15,0.75,245,259,250
New Jersey,Hudson,10/20/2020 1:45,0.5,586,638,612
New Jersey,Hudson,10/23/2020 15:15,0.25,2333,2333,2333
New Jersey,Hudson,10/29/2020 13:15,3.25,249,251,250
New Jersey,Hudson,11/1/2020 13:30,0.25,1183,1183,1183
New Jersey,Hudson,11/2/2020 14:30,2.5,1020,1142,1057
New Jersey,Hudson,11/16/2020 2:00,9.25,528,4897,1393
New Jersey,Hudson,11/16/2020 12:15,1,1267,1273,1270
New Jersey,Hudson,11/18/2020 11:15,0.25,1072,1072,1072
New Jersey,Hudson,11/18/2020 11:45,1.75,1183,1439,1378
New Jersey,Hudson,11/18/2020 14:30,0.5,371,371,371
New Jersey,Hudson,11/23/2020 15:45,0.5,525,525,525
New Jersey,Hudson,11/25/2020 21:30,1.25,200,201,201
New Jersey,Hudson,11/26/2020 9:45,0.25,1378,1378,1378
New Jersey,Hudson,11/26/2020 13:00,1,639,639,639
New Jersey,Hudson,11/30/2020 16:45,1.25,1826,1913,1869
New Jersey,Hudson,11/30/2020 18:45,0.25,1861,1861,1861
New Jersey,Hudson,12/4/2020 4:15,0.5,880,881,881
New Jersey,Hudson,12/5/2020 16:30,0.25,819,819,819
New Jersey,Hudson,12/9/2020 0:15,4.25,558,4410,2826
New Jersey,Hudson,12/11/2020 15:00,0.5,200,201,201
New Jersey,Hudson,12/14/2020 5:00,2,2259,2264,2260
New Jersey,Hudson,12/15/2020 9:00,0.25,1866,1866,1866
New Jersey,Hudson,12/25/2020 3:30,1.25,1336,1353,1343
New Jersey,Hudson,12/25/2020 5:00,1.5,296,1224,1045
New Jersey,Hudson,12/25/2020 6:45,0.25,1382,1382,1382
New Jersey,Hudson,12/25/2020 7:30,7.25,203,3491,1413
New Jersey,Hudson,12/25/2020 15:00,10.5,603,2985,962
New Jersey,Hudson,1/1/2021 0:00,0.75,3710,3710,3710
New Jersey,Hudson,1/16/2021 1:45,0.5,3228,3228,3228
New Jersey,Hudson,1/17/2021 18:00,0.25,1363,1363,1363
New Jersey,Hudson,1/20/2021 18:45,0.25,230,230,230
New Jersey,Hudson,1/24/2021 4:15,2.25,1444,1444,1444
New Jersey,Hudson,1/24/2021 6:45,0.25,1444,1444,1444
New Jersey,Hudson,1/29/2021 23:00,0.25,1245,1245,1245
New Jersey,Hudson,2/9/2021 21:00,1.5,1415,2536,1643
New Jersey,Hudson,2/10/2021 9:00,1.25,1049,1049,1049
New Jersey,Hudson,2/10/2021 13:45,0.25,1049,1049,1049
New Jersey,Hudson,2/11/2021 13:15,0.25,2787,2787,2787
New Jersey,Hudson,2/12/2021 17:45,0.5,1430,1430,1430
New Jersey,Hudson,2/16/2021 1:00,2.75,500,7554,2687
New Jersey,Hudson,2/16/2021 14:00,0.5,504,504,504
New Jersey,Hudson,2/17/2021 13:30,0.25,5523,5523,5523
New Jersey,Hudson,2/22/2021 6:30,0.25,2671,2671,2671
New Jersey,Hudson,2/22/2021 8:15,2.25,1032,1032,1032
New Jersey,Hudson,2/23/2021 2:45,0.25,407,407,407
New Jersey,Hudson,2/25/2021 16:00,3,217,1702,1559
New Jersey,Hudson,2/26/2021 6:15,1,2559,2559,2559
New Jersey,Hudson,2/26/2021 7:30,0.25,2559,2559,2559
New Jersey,Hudson,2/27/2021 13:15,0.75,2175,3714,3201
New Jersey,Hudson,2/28/2021 1:45,0.5,662,709,686
New Jersey,Hudson,3/2/2021 5:15,0.25,5282,5282,5282
New Jersey,Hudson,3/6/2021 20:30,2,894,959,941
New Jersey,Hudson,3/7/2021 0:30,0.75,2346,2371,2363
New Jersey,Hudson,3/17/2021 21:45,0.25,410,410,410
New Jersey,Hudson,3/22/2021 18:15,2.25,1974,2018,1996
New Jersey,Hudson,3/26/2021 19:15,4.75,239,5580,765
New Jersey,Hudson,4/1/2021 23:45,0.25,950,950,950
New Jersey,Hudson,4/2/2021 12:45,0.25,406,406,406
New Jersey,Hudson,4/2/2021 13:15,2,212,213,212
New Jersey,Hudson,4/6/2021 18:45,2.5,1242,1429,1330
New Jersey,Hudson,4/6/2021 22:15,2,725,1747,1367
New Jersey,Hudson,4/12/2021 4:30,0.25,1034,1034,1034
New Jersey,Hudson,4/13/2021 7:00,1,2446,2465,2459
New Jersey,Hudson,4/14/2021 6:15,1.5,2405,9332,3561
New Jersey,Hudson,4/20/2021 7:45,0.5,523,523,523
New Jersey,Hudson,4/20/2021 8:45,0.25,523,523,523
New Jersey,Hudson,4/20/2021 12:45,0.75,259,260,260
New Jersey,Hudson,4/24/2021 0:00,1.25,954,1904,1144
New Jersey,Hudson,4/28/2021 4:30,0.25,716,716,716
New Jersey,Hudson,4/28/2021 5:00,1.5,758,758,758
New Jersey,Hudson,4/28/2021 18:30,1,325,327,326
New Jersey,Hudson,4/28/2021 21:45,0.25,269,269,269
New Jersey,Hudson,4/30/2021 12:15,1.5,453,515,474
New Jersey,Hudson,4/30/2021 15:15,0.25,1604,1604,1604
New Jersey,Hudson,5/7/2021 12:00,0.75,269,270,269
New Jersey,Hudson,5/10/2021 5:30,1.25,210,210,210
New Jersey,Hudson,5/14/2021 17:45,0.5,392,392,392
New Jersey,Hudson,5/17/2021 5:15,1.25,2674,2674,2674
New Jersey,Hudson,5/19/2021 11:30,2,1005,1380,1159
New Jersey,Hudson,5/19/2021 14:30,0.25,1035,1035,1035
New Jersey,Hudson,5/19/2021 16:15,0.25,585,585,585
New Jersey,Hudson,5/21/2021 0:15,1.75,896,976,930
New Jersey,Hudson,5/23/2021 23:45,0.5,1467,1467,1467
New Jersey,Hudson,5/24/2021 0:30,0.75,250,251,250
New Jersey,Hudson,5/25/2021 18:00,3,434,1365,590
New Jersey,Hudson,5/30/2021 11:15,2.5,1616,2044,1829
New Jersey,Hudson,6/1/2021 14:15,1.25,599,601,600
New Jersey,Hudson,6/1/2021 23:30,0.5,627,627,627
New Jersey,Hudson,6/4/2021 3:15,0.25,1657,1657,1657
New Jersey,Hudson,6/4/2021 15:45,0.25,2477,2477,2477
New Jersey,Hudson,6/5/2021 18:15,0.5,2109,2129,2119
New Jersey,Hudson,6/8/2021 20:30,2.25,559,781,671
New Jersey,Hudson,6/9/2021 1:15,0.5,259,259,259
New Jersey,Hudson,6/9/2021 11:15,1,257,258,257
New Jersey,Hudson,6/9/2021 19:30,4.75,1329,2426,1761
New Jersey,Hudson,6/10/2021 17:15,1.75,1271,1355,1307
New Jersey,Hudson,6/17/2021 14:00,0.25,530,530,530
New Jersey,Hudson,6/18/2021 10:15,2,2407,2407,2407
New Jersey,Hudson,6/19/2021 9:15,1,317,345,338
New Jersey,Hudson,6/23/2021 9:30,2.25,248,250,249
New Jersey,Hudson,6/24/2021 15:30,1.25,544,1237,955
New Jersey,Hudson,6/24/2021 18:15,0.25,1494,1494,1494
New Jersey,Hudson,6/26/2021 10:00,1.5,221,268,252
New Jersey,Hudson,6/30/2021 2:00,0.25,210,210,210
New Jersey,Hudson,6/30/2021 21:15,2.75,230,330,283
New Jersey,Hudson,7/1/2021 0:15,1.75,313,364,336
New Jersey,Hudson,7/3/2021 22:45,0.25,879,879,879
New Jersey,Hudson,7/6/2021 2:00,1,1599,1627,1608
New Jersey,Hudson,7/7/2021 1:45,0.75,365,392,383
New Jersey,Hudson,7/8/2021 1:00,0.5,785,785,785
New Jersey,Hudson,7/8/2021 22:15,0.25,1165,1165,1165
New Jersey,Hudson,7/9/2021 0:00,0.25,816,816,816
New Jersey,Hudson,7/9/2021 12:15,0.5,870,870,870
New Jersey,Hudson,7/10/2021 13:45,0.5,875,906,891
New Jersey,Hudson,7/11/2021 15:00,1.25,230,231,231
New Jersey,Hudson,7/17/2021 18:45,0.5,1859,1859,1859
New Jersey,Hudson,7/18/2021 5:00,2.5,579,579,579
New Jersey,Hudson,7/27/2021 2:30,4.25,662,1692,965
New Jersey,Hudson,7/30/2021 1:45,0.5,803,804,804
New Jersey,Hudson,7/31/2021 6:30,1,1687,1717,1702
New Jersey,Hudson,8/2/2021 18:00,0.75,14035,14417,14290
New Jersey,Hudson,8/8/2021 9:15,0.5,1044,1044,1044
New Jersey,Hudson,8/14/2021 11:15,0.25,4460,4460,4460
New Jersey,Hudson,8/17/2021 19:45,2,204,211,208
New Jersey,Hudson,8/17/2021 23:15,1,882,901,896
New Jersey,Hudson,8/24/2021 17:00,1,931,933,932
New Jersey,Hudson,8/27/2021 8:30,1,408,409,409
New Jersey,Hudson,8/27/2021 9:45,1.5,387,387,387
New Jersey,Hudson,8/27/2021 22:00,3,286,1615,793
New Jersey,Hudson,8/28/2021 12:00,0.25,2492,2492,2492
New Jersey,Hudson,9/1/2021 17:30,0.25,2140,2140,2140
New Jersey,Hudson,9/2/2021 1:15,23.75,220,2592,686
New Jersey,Hudson,9/3/2021 3:00,0.25,879,879,879
New Jersey,Hudson,9/3/2021 5:45,0.5,993,994,994
New Jersey,Hudson,9/3/2021 6:30,0.25,990,990,990
New Jersey,Hudson,9/3/2021 7:45,0.25,1745,1745,1745
New Jersey,Hudson,9/3/2021 8:30,0.25,1070,1070,1070
New Jersey,Hudson,9/6/2021 12:45,0.25,990,990,990
New Jersey,Hudson,9/6/2021 19:30,2.25,260,300,273
New Jersey,Hudson,9/13/2021 20:00,0.75,757,758,757
New Jersey,Hudson,9/14/2021 2:30,1,2687,3167,2808
New Jersey,Hudson,9/20/2021 5:30,1.25,424,427,425
New Jersey,Hudson,9/21/2021 4:15,1,1916,1916,1916
New Jersey,Hudson,9/21/2021 13:30,0.5,939,939,939
New Jersey,Hudson,9/22/2021 13:30,0.25,898,898,898
New Jersey,Hudson,9/23/2021 6:45,1.75,219,219,219
New Jersey,Hudson,9/24/2021 3:30,1,1428,1429,1428
New Jersey,Hudson,9/24/2021 10:15,1,419,421,420
New Jersey,Hudson,9/28/2021 20:15,4.5,348,355,352
New Jersey,Hudson,10/4/2021 21:30,2,605,5597,1857
New Jersey,Hudson,10/8/2021 18:15,1.5,287,333,318
New Jersey,Hudson,10/10/2021 17:00,0.5,435,435,435
New Jersey,Hudson,10/17/2021 4:15,0.25,244,244,244
New Jersey,Hudson,10/18/2021 22:45,0.5,2071,3230,2651
New Jersey,Hudson,10/19/2021 13:45,2.25,320,325,324
New Jersey,Hudson,10/26/2021 17:30,0.75,884,887,886
New Jersey,Hudson,10/30/2021 21:00,0.5,435,435,435
New Jersey,Hudson,11/4/2021 17:45,1.75,406,407,407
New Jersey,Hudson,11/5/2021 21:15,0.75,546,546,546
New Jersey,Hudson,11/7/2021 15:30,0.75,1264,1264,1264
New Jersey,Hudson,11/10/2021 2:15,0.25,388,388,388
New Jersey,Hudson,11/12/2021 18:45,0.25,2099,2099,2099
New Jersey,Hudson,11/19/2021 8:30,1.5,2260,2260,2260
New Jersey,Hudson,11/24/2021 19:00,0.25,857,857,857
New Jersey,Hudson,11/25/2021 20:45,0.75,203,241,216
New Jersey,Hudson,1/7/2022 16:00,1,905,905,905
New Jersey,Hudson,1/10/2022 2:45,0.5,1947,2047,1997
New Jersey,Hudson,1/12/2022 2:15,6,275,630,495
New Jersey,Hudson,1/12/2022 19:15,0.5,817,1366,1092
New Jersey,Hudson,1/17/2022 7:15,1,762,764,763
New Jersey,Hudson,1/17/2022 12:45,2.75,275,773,348
New Jersey,Hudson,1/18/2022 15:15,0.25,305,305,305
New Jersey,Hudson,1/18/2022 16:45,0.75,208,209,208
New Jersey,Hudson,1/20/2022 14:45,0.75,1816,1824,1820
New Jersey,Hudson,1/27/2022 4:45,0.75,304,1202,603
New Jersey,Hudson,1/27/2022 16:45,0.25,304,304,304
New Jersey,Hudson,1/29/2022 2:15,0.25,941,941,941
New Jersey,Hudson,1/29/2022 6:45,0.5,1059,1059,1059
New Jersey,Hudson,1/30/2022 21:00,15,231,235,233
New Jersey,Hudson,2/4/2022 0:30,0.75,1589,3175,2646
New Jersey,Hudson,2/4/2022 7:15,0.5,689,712,701
New Jersey,Hudson,2/6/2022 14:15,1,1213,1214,1214
New Jersey,Hudson,2/17/2022 21:00,0.25,646,646,646
New Jersey,Hudson,2/18/2022 8:45,2,1372,1389,1386
New Jersey,Hudson,2/22/2022 18:30,0.75,608,2187,1135
New Jersey,Hudson,2/23/2022 0:15,1.75,2253,2300,2269
New Jersey,Hudson,2/23/2022 20:15,0.25,456,456,456
New Jersey,Hudson,2/24/2022 19:45,0.25,436,436,436
New Jersey,Hudson,2/25/2022 9:00,0.75,826,826,826
New Jersey,Hudson,3/3/2022 11:30,1.25,484,484,484
New Jersey,Hudson,3/8/2022 4:30,0.25,2163,2163,2163
New Jersey,Hudson,3/13/2022 13:30,2,1721,1724,1723
New Jersey,Hudson,3/14/2022 14:45,0.25,1879,1879,1879
New Jersey,Hudson,3/15/2022 15:15,1,419,421,421
New Jersey,Hudson,3/19/2022 21:45,0.25,256,256,256
New Jersey,Hudson,3/24/2022 16:15,0.25,981,981,981
New Jersey,Hudson,3/28/2022 1:30,1,293,2561,1434
New Jersey,Hudson,3/28/2022 4:00,1.5,1623,1772,1743
New Jersey,Hudson,3/29/2022 0:45,0.25,1789,1789,1789
New Jersey,Hudson,4/8/2022 16:30,0.75,405,407,406
New Jersey,Hudson,4/10/2022 13:30,1.5,582,586,584
New Jersey,Hudson,4/12/2022 10:00,0.25,559,559,559
New Jersey,Hudson,4/14/2022 15:30,0.25,1890,1890,1890
New Jersey,Hudson,4/19/2022 2:45,1,504,504,504
New Jersey,Hudson,4/20/2022 1:00,0.5,212,212,212
New Jersey,Hudson,4/20/2022 17:15,0.5,770,770,770
New Jersey,Hudson,4/24/2022 11:15,1.5,209,225,222
New Jersey,Hudson,5/2/2022 14:00,0.25,335,335,335
New Jersey,Hudson,5/17/2022 18:30,0.25,345,345,345
New Jersey,Hudson,5/21/2022 19:45,0.5,1059,1059,1059
New Jersey,Hudson,5/22/2022 13:15,2,857,860,858
New Jersey,Hudson,5/23/2022 15:45,0.25,1084,1084,1084
New Jersey,Hudson,5/24/2022 17:30,0.25,538,538,538
New Jersey,Hudson,5/26/2022 15:15,0.25,473,473,473
New Jersey,Hudson,5/27/2022 22:00,0.25,1012,1012,1012
New Jersey,Hudson,5/28/2022 21:00,2,364,365,365
New Jersey,Hudson,6/1/2022 18:30,0.25,296,296,296
New Jersey,Hudson,6/2/2022 22:30,0.25,1411,1411,1411
New Jersey,Hudson,6/7/2022 2:45,0.25,908,908,908
New Jersey,Hudson,6/9/2022 3:30,0.25,1759,1759,1759
New Jersey,Hudson,6/10/2022 11:15,0.75,3039,6059,5036
New Jersey,Hudson,6/18/2022 10:30,0.5,200,200,200
New Jersey,Hudson,6/27/2022 3:30,0.5,203,203,203
New Jersey,Hudson,6/27/2022 9:30,4.25,624,1937,988
New Jersey,Hudson,6/27/2022 19:00,1.75,417,1840,621
New Jersey,Hudson,6/28/2022 10:00,0.75,672,843,786
New Jersey,Hudson,7/3/2022 14:00,0.25,1420,1420,1420
New Jersey,Hudson,7/6/2022 16:00,0.25,307,307,307
New Jersey,Hudson,7/7/2022 0:45,0.25,2684,2684,2684
New Jersey,Hudson,7/9/2022 5:15,1,1392,1485,1462
New Jersey,Hudson,7/9/2022 10:30,0.5,863,863,863
New Jersey,Hudson,7/24/2022 21:45,3.25,250,423,302
New Jersey,Hudson,7/25/2022 2:00,3.25,245,498,311
New Jersey,Hudson,7/25/2022 21:15,1.5,2313,2433,2407
New Jersey,Hudson,7/26/2022 17:30,1.5,545,820,694
New Jersey,Hudson,8/1/2022 2:00,1,664,672,670
New Jersey,Hudson,8/1/2022 17:00,0.5,647,648,648
New Jersey,Hudson,8/5/2022 22:00,1.75,841,2550,1097
New Jersey,Hudson,8/9/2022 21:00,0.25,2684,2684,2684
New Jersey,Hudson,8/9/2022 22:30,0.5,532,532,532
New Jersey,Hudson,8/9/2022 23:30,1.5,209,474,317
New Jersey,Hudson,8/10/2022 15:00,0.5,1661,1661,1661
New Jersey,Hudson,8/11/2022 15:15,0.25,2654,2654,2654
New Jersey,Hudson,8/22/2022 12:15,1.5,976,1010,998
New Jersey,Hudson,8/23/2022 7:15,1.25,1238,1251,1244
New Jersey,Hudson,8/24/2022 3:45,0.5,615,615,615
New Jersey,Hudson,8/26/2022 0:00,0.25,2265,2265,2265
New Jersey,Hudson,8/30/2022 14:15,0.75,552,552,552
New Jersey,Hudson,8/31/2022 1:45,1.75,1596,1597,1596
New Jersey,Hudson,8/31/2022 12:30,0.25,1909,1909,1909
New Jersey,Hudson,9/1/2022 0:00,0.25,768,768,768
New Jersey,Hudson,9/4/2022 4:45,1,2454,2454,2454
New Jersey,Hudson,9/4/2022 12:00,2,306,306,306
New Jersey,Hudson,9/4/2022 19:30,0.25,2827,2827,2827
New Jersey,Hudson,9/10/2022 0:15,0.25,1159,1159,1159
New Jersey,Hudson,9/11/2022 11:00,1.5,252,253,253
New Jersey,Hudson,9/13/2022 18:00,0.75,1020,1020,1020
New Jersey,Hudson,10/1/2022 15:45,0.25,680,680,680
New Jersey,Hudson,10/4/2022 0:30,0.25,1002,1002,1002
New Jersey,Hudson,10/4/2022 12:00,0.25,449,449,449
New Jersey,Hudson,10/6/2022 18:00,0.25,318,318,318
New Jersey,Hudson,10/9/2022 1:00,0.75,2687,2687,2687
New Jersey,Hudson,10/9/2022 5:45,0.25,703,703,703
New Jersey,Hudson,10/9/2022 15:15,0.75,200,201,200
New Jersey,Hudson,10/16/2022 12:45,1.5,351,417,395
New Jersey,Hudson,10/16/2022 17:30,1.25,226,226,226
New Jersey,Hudson,10/18/2022 13:30,5.25,466,667,524
New Jersey,Hudson,10/18/2022 19:00,3.75,468,475,471
New Jersey,Hudson,10/19/2022 9:45,3,544,549,546
New Jersey,Hudson,10/25/2022 20:30,0.5,824,824,824
New Jersey,Hudson,10/26/2022 8:30,1.25,527,529,528
New Jersey,Hudson,10/27/2022 2:15,4,431,432,431
New Jersey,Hudson,11/9/2022 20:15,1,1790,1791,1791
New Jersey,Hudson,11/18/2022 15:30,0.25,1708,1708,1708
New Jersey,Hudson,11/22/2022 3:15,0.75,5149,8874,6414
New Jersey,Hudson,11/24/2022 2:15,1,490,491,490
New Jersey,Hudson,11/29/2022 9:45,0.75,3072,3075,3074
New Jersey,Hudson,11/29/2022 10:45,0.25,4911,4911,4911
New Jersey,Hudson,12/1/2022 3:00,0.25,988,988,988
New Jersey,Hudson,12/2/2022 8:30,0.5,3958,3958,3958
New Jersey,Hudson,12/7/2022 8:45,0.25,553,553,553
New Jersey,Hudson,12/23/2022 22:15,1.75,965,967,966
New Jersey,Hudson,12/24/2022 2:30,0.25,1007,1007,1007
New Jersey,Hudson,12/27/2022 6:30,1.5,2276,4472,2646
New Jersey,Hudson,1/1/2023 2:30,0.5,437,440,439
New Jersey,Hudson,1/4/2023 8:45,1.25,1076,1080,1078
New Jersey,Hudson,1/13/2023 15:30,2,206,3388,1073
New Jersey,Hudson,1/13/2023 19:45,0.25,5200,5200,5200
New Jersey,Hudson,1/17/2023 22:00,1.5,506,527,513
New Jersey,Hudson,1/20/2023 14:15,1,1953,1988,1971
New Jersey,Hudson,2/1/2023 12:00,1.75,612,751,662
New Jersey,Hudson,2/1/2023 14:30,2,581,4189,1032
New Jersey,Hudson,2/2/2023 1:15,0.75,2398,2398,2398
New Jersey,Hudson,2/2/2023 3:15,1,713,814,738
New Jersey,Hudson,2/4/2023 10:30,0.5,1289,1289,1289
New Jersey,Hudson,2/8/2023 15:30,7.25,482,1602,643
New Jersey,Hudson,2/10/2023 16:00,0.5,731,750,741
New Jersey,Hudson,2/11/2023 2:15,0.25,200,200,200
New Jersey,Hudson,2/11/2023 9:45,2.5,234,234,234
New Jersey,Hudson,2/14/2023 2:00,0.25,684,684,684
New Jersey,Hudson,2/16/2023 10:00,0.5,520,520,520
New Jersey,Hudson,2/27/2023 12:45,0.5,455,455,455
New Jersey,Hudson,3/6/2023 7:15,0.5,14078,14078,14078
New Jersey,Hudson,3/8/2023 7:15,0.25,1068,1068,1068
New Jersey,Hudson,3/8/2023 18:30,0.5,469,469,469
New Jersey,Hudson,3/14/2023 16:30,0.75,469,469,469
New Jersey,Hudson,3/14/2023 17:30,3.25,279,1387,520
New Jersey,Hudson,3/22/2023 3:45,0.25,1700,1700,1700
New Jersey,Hudson,3/25/2023 10:15,1,1438,1439,1439
New Jersey,Hudson,3/25/2023 12:00,0.25,5067,5067,5067
New Jersey,Hudson,3/31/2023 8:30,0.25,581,581,581
New Jersey,Hudson,3/31/2023 17:15,0.25,814,814,814
New Jersey,Hudson,4/1/2023 23:30,3.5,283,399,345
New Jersey,Hudson,4/3/2023 21:30,0.75,207,207,207
New Jersey,Hudson,4/5/2023 5:15,1.5,244,244,244
New Jersey,Hudson,4/12/2023 1:15,0.25,304,304,304
New Jersey,Hudson,4/13/2023 20:15,1.5,1581,1626,1604
New Jersey,Hudson,4/15/2023 22:45,1.25,412,464,433
New Jersey,Hudson,4/16/2023 11:30,0.25,366,366,366
New Jersey,Hudson,4/23/2023 10:45,1,570,570,570
New Jersey,Hudson,4/24/2023 19:30,2.25,729,1327,942
New Jersey,Hudson,4/29/2023 7:30,1,1118,2235,1677
New Jersey,Hudson,4/29/2023 15:00,0.25,1758,1758,1758
New Jersey,Hudson,4/29/2023 16:00,0.5,1759,1759,1759
New Jersey,Hudson,4/29/2023 21:30,5.25,450,696,499
New Jersey,Hudson,4/30/2023 4:15,0.25,626,626,626
New Jersey,Hudson,4/30/2023 20:15,3.5,3909,10678,9415
New Jersey,Hudson,5/3/2023 22:00,0.25,230,230,230
New Jersey,Hudson,5/5/2023 11:30,0.25,916,916,916
New Jersey,Hudson,5/5/2023 12:30,0.5,965,965,965
New Jersey,Hudson,5/10/2023 13:45,0.5,245,245,245
New Jersey,Hudson,5/18/2023 7:00,0.25,728,728,728
New Jersey,Hudson,5/18/2023 10:00,0.25,1699,1699,1699
New Jersey,Hudson,5/20/2023 20:15,0.25,301,301,301
New Jersey,Hudson,5/30/2023 19:45,2.5,696,712,700
New Jersey,Hudson,6/9/2023 10:30,1.25,1026,1104,1058
New Jersey,Hudson,6/10/2023 15:15,0.25,1424,1424,1424
New Jersey,Hudson,6/13/2023 0:00,3.5,498,717,607
New Jersey,Hudson,6/13/2023 4:15,0.5,1023,1023,1023
New Jersey,Hudson,6/13/2023 17:30,0.25,691,691,691
New Jersey,Hudson,6/17/2023 23:45,0.5,1061,1061,1061
New Jersey,Hudson,6/22/2023 2:00,0.75,503,503,503
New Jersey,Hudson,6/24/2023 3:15,3.25,546,1606,1524
New Jersey,Hudson,6/29/2023 23:15,1.75,622,2445,1733
New Jersey,Hudson,6/30/2023 2:30,0.25,339,339,339
New Jersey,Hudson,7/3/2023 5:15,0.25,2362,2362,2362
New Jersey,Hudson,7/3/2023 8:00,1,210,210,210
New Jersey,Hudson,7/6/2023 16:15,0.75,1027,2465,1516
New Jersey,Hudson,7/7/2023 3:30,1.5,309,927,701
New Jersey,Hudson,7/11/2023 17:45,0.25,1847,1847,1847
New Jersey,Hudson,7/11/2023 21:45,2.5,662,1743,1466
New Jersey,Hudson,7/13/2023 16:15,0.5,1653,1653,1653
New Jersey,Hudson,7/13/2023 18:45,2.25,212,691,489
New Jersey,Hudson,7/14/2023 12:30,0.5,3222,3222,3222
New Jersey,Hudson,7/15/2023 5:15,1.25,419,420,420
New Jersey,Hudson,7/21/2023 5:15,0.75,1522,1522,1522
New Jersey,Hudson,7/25/2023 15:45,1.75,1332,1356,1346
New Jersey,Hudson,7/27/2023 15:00,0.5,796,796,796
New Jersey,Hudson,7/27/2023 21:00,1.25,749,950,801
New Jersey,Hudson,7/29/2023 11:30,0.75,217,217,217
New Jersey,Hudson,7/29/2023 23:45,2,2025,2129,2095
New Jersey,Hudson,7/30/2023 2:00,0.25,657,657,657
New Jersey,Hudson,8/2/2023 23:45,0.25,654,654,654
New Jersey,Hudson,8/10/2023 6:45,0.5,544,544,544
New Jersey,Hudson,8/12/2023 3:45,0.75,1877,1877,1877
New Jersey,Hudson,8/13/2023 7:00,3.5,420,1810,629
New Jersey,Hudson,8/15/2023 0:15,1.75,879,883,881
New Jersey,Hudson,8/16/2023 8:30,1.25,224,224,224
New Jersey,Hudson,8/17/2023 4:15,0.5,704,704,704
New Jersey,Hudson,8/17/2023 18:30,1,220,1955,783
New Jersey,Hudson,8/22/2023 0:00,0.5,699,699,699
New Jersey,Hudson,9/4/2023 11:30,1.5,294,296,296
New Jersey,Hudson,9/5/2023 4:45,0.75,212,212,212
New Jersey,Hudson,9/6/2023 23:30,3.25,293,413,363
New Jersey,Hudson,9/7/2023 14:00,2,1218,2069,1960
New Jersey,Hudson,9/16/2023 1:00,0.5,3917,4195,4056
New Jersey,Hudson,9/20/2023 11:30,1.5,245,308,298
New Jersey,Hudson,9/21/2023 6:45,0.25,814,814,814
New Jersey,Hudson,9/26/2023 8:30,3,505,556,551
New Jersey,Hudson,9/27/2023 23:45,0.5,4195,4195,4195
New Jersey,Hudson,9/28/2023 22:00,0.5,2062,2062,2062
New Jersey,Hudson,9/28/2023 23:00,1.5,789,793,792
New Jersey,Hudson,9/29/2023 1:00,0.25,1717,1717,1717
New Jersey,Hudson,9/29/2023 12:00,0.5,2649,2649,2649
New Jersey,Hudson,9/30/2023 0:30,0.25,1372,1372,1372
New Jersey,Hudson,10/7/2023 19:30,0.25,342,342,342
New Jersey,Hudson,10/7/2023 21:00,1,204,348,311
New Jersey,Hudson,10/10/2023 11:30,0.25,1619,1619,1619
New Jersey,Hudson,10/11/2023 13:00,0.25,889,889,889
New Jersey,Hudson,10/14/2023 19:30,3,208,1095,670
New Jersey,Hudson,10/15/2023 12:30,1,735,1913,1324
New Jersey,Hudson,10/15/2023 22:15,0.5,352,352,352
New Jersey,Hudson,10/16/2023 23:45,0.25,5352,5352,5352
New Jersey,Hudson,10/17/2023 1:15,0.5,1276,2005,1641
New Jersey,Hudson,10/17/2023 15:00,1.25,544,548,546
New Jersey,Hudson,10/20/2023 23:00,0.25,294,294,294
New Jersey,Hudson,10/28/2023 22:00,0.25,2033,2033,2033
New Jersey,Hudson,10/30/2023 23:45,0.5,1960,2095,2028
New Jersey,Hudson,11/1/2023 18:00,0.25,2290,2290,2290
New Jersey,Hudson,11/6/2023 18:15,0.25,217,217,217
New Jersey,Hudson,11/14/2023 13:45,1.5,223,224,224
New Jersey,Hudson,11/21/2023 21:15,1.25,1348,1432,1395
New Jersey,Hudson,11/22/2023 2:30,1.25,211,299,246
New Jersey,Hudson,11/24/2023 13:30,0.25,216,216,216
New Jersey,Hudson,11/24/2023 14:00,0.5,216,216,216
New Jersey,Hudson,12/3/2023 5:15,0.5,8163,13071,10617
New Jersey,Hudson,12/4/2023 8:30,0.25,6314,6314,6314
New Jersey,Hudson,12/5/2023 5:30,1,4638,4638,4638
New Jersey,Hudson,12/5/2023 21:30,6.75,1592,3479,1721
New Jersey,Hudson,12/6/2023 11:15,2.75,560,590,582
New Jersey,Hudson,12/7/2023 7:30,0.25,8166,8166,8166
New Jersey,Hudson,12/7/2023 10:15,0.5,13987,13987,13987
New Jersey,Hudson,12/8/2023 3:15,1.75,881,913,905
New Jersey,Hudson,12/17/2023 19:45,0.75,1647,3289,2742
New Jersey,Hudson,12/18/2023 10:00,6.75,201,4095,1767
New Jersey,Hudson,12/18/2023 23:00,0.25,964,964,964
New Jersey,Hudson,12/20/2023 3:15,0.25,2166,2166,2166
